{"stat.cakeSlicesEaten":6,"stat.useItem.minecraft.string":1,"stat.leaveGame":9,"stat.pickup.minecraft.flint":1,"stat.mineBlock.srparasites.gore":7,"stat.entityKilledBy.tenten":1,"stat.swimOneCm":1331,"stat.useItem.minecraft.planks":2,"stat.climbOneCm":879,"stat.pickup.narutomod.sharinganhelmet":1,"stat.craftItem.toughasnails.wool_boots":1,"stat.useItem.minecraft.dirt":2,"stat.useItem.minecraft.stone_slab2":11,"stat.pickup.toughasnails.wool_chestplate":1,"stat.craftItem.minecraft.furnace":1,"stat.craftItem.minecraft.stone_pickaxe":1,"stat.craftItem.minecraft.cooked_beef":1,"stat.pickup.minecraft.cobblestone":18,"stat.flyOneCm":107795,"stat.pickup.narutomod.kunai":3,"stat.useItem.minecraft.cooked_beef":1,"stat.craftItem.minecraft.cooked_fish":2,"stat.mineBlock.minecraft.iron_ore":26,"stat.timeSinceDeath":3800,"stat.craftItem.narutomod.shuriken":3,"stat.craftItem.minecraft.wooden_pickaxe":1,"stat.useItem.minecraft.iron_shovel":1,"stat.furnaceInteraction":17,"stat.pickup.minecraft.carpet":1,"stat.mineBlock.minecraft.coal_ore":3,"stat.pickup.srparasites.lurecomponent1":2,"stat.talkedToVillager":2,"stat.pickup.minecraft.string":5,"stat.pickup.minecraft.beef":1,"stat.useItem.minecraft.cooked_mutton":2,"stat.pickup.minecraft.furnace":1,"stat.useItem.charm.suspicious_soup":2,"stat.craftItem.minecraft.stone_slab2":0,"stat.sprintOneCm":74485,"stat.craftItem.minecraft.stick":40,"stat.mineBlock.overlast.yellow_leaves":3,"stat.pickup.futuremc.lily_of_the_valley":1,"stat.useItem.minecraft.flint_and_steel":63,"stat.mineBlock.minecraft.crafting_table":2,"stat.craftItem.toughasnails.wool_chestplate":1,"stat.mineBlock.minecraft.planks":1,"stat.deaths":8,"stat.playOneMinute":77739,"stat.mineBlock.minecraft.tallgrass":6,"stat.pickup.minecraft.cooked_mutton":2,"stat.chestOpened":8,"stat.pickup.minecraft.gravel":4,"stat.useItem.minecraft.apple":4,"stat.craftItem.minecraft.iron_nugget":9,"stat.jump":731,"stat.pickup.minecraft.coal":4,"stat.fallOneCm":25987,"stat.craftItem.narutomod.kunai":3,"stat.crouchOneCm":3155,"stat.craftItem.minecraft.torch":12,"stat.craftItem.minecraft.iron_ingot":12,"stat.pickup.minecraft.dirt":12,"stat.craftingTableInteraction":11,"stat.pickup.minecraft.iron_ore":21,"stat.craftItem.toughasnails.wool_helmet":1,"stat.craftItem.minecraft.flint_and_steel":1,"stat.mineBlock.minecraft.glass_pane":2,"stat.damageTaken":12411,"stat.mineBlock.minecraft.torch":4,"stat.mineBlock.minecraft.furnace":1,"stat.useItem.minecraft.wooden_pickaxe":26,"stat.pickup.srparasites.assimilated_flesh":1,"stat.pickup.minecraft.planks":1,"stat.pickup.minecraft.reeds":3,"stat.pickup.minecraft.bed":3,"stat.pickup.minecraft.wheat_seeds":1,"stat.mineBlock.minecraft.gravel":6,"stat.useItem.minecraft.stone_pickaxe":55,"stat.damageDealt":528,"stat.sleepInBed":9,"stat.craftItem.minecraft.baked_potato":7,"stat.killEntity.Cow":1,"stat.mineBlock.minecraft.dirt":13,"stat.walkOneCm":207737,"stat.useItem.minecraft.torch":8,"stat.playerKills":1,"stat.pickup.minecraft.crafting_table":2,"stat.useItem.minecraft.cobblestone":6,"stat.craftItem.minecraft.crafting_table":1,"stat.pickup.minecraft.log":10,"stat.useItem.minecraft.cooked_fish":2,"stat.pickup.narutomod.shuriken":5,"stat.pickup.minecraft.stone":3,"stat.mineBlock.minecraft.wool":19,"stat.pickup.minecraft.sapling":2,"stat.mineBlock.overlast.red_leaves":4,"stat.craftItem.minecraft.planks":40,"stat.mobKills":5,"stat.mineBlock.minecraft.log":11,"stat.mineBlock.minecraft.leaves":1,"stat.pickup.minecraft.torch":5,"stat.sneakTime":2152,"stat.pickup.minecraft.wool":19,"stat.useItem.minecraft.baked_potato":7,"stat.mineBlock.minecraft.stone":17}