{"stat.chestOpened":8,"stat.cakeSlicesEaten":6,"stat.leaveGame":4,"stat.pickup.minecraft.gravel":4,"stat.pickup.minecraft.flint":1,"stat.useItem.minecraft.apple":4,"stat.mineBlock.srparasites.gore":7,"stat.craftItem.minecraft.iron_nugget":9,"stat.jump":569,"stat.swimOneCm":1331,"stat.pickup.minecraft.coal":4,"stat.fallOneCm":24625,"stat.useItem.minecraft.planks":2,"stat.climbOneCm":879,"stat.craftItem.narutomod.kunai":3,"stat.crouchOneCm":1993,"stat.craftItem.minecraft.torch":12,"stat.craftItem.minecraft.iron_ingot":12,"stat.pickup.minecraft.dirt":6,"stat.craftItem.toughasnails.wool_boots":1,"stat.useItem.minecraft.stone_slab2":10,"stat.craftingTableInteraction":11,"stat.pickup.minecraft.iron_ore":21,"stat.craftItem.minecraft.furnace":1,"stat.craftItem.toughasnails.wool_helmet":1,"stat.craftItem.minecraft.flint_and_steel":1,"stat.mineBlock.minecraft.glass_pane":2,"stat.damageTaken":11119,"stat.craftItem.minecraft.stone_pickaxe":1,"stat.mineBlock.minecraft.torch":3,"stat.mineBlock.minecraft.furnace":1,"stat.useItem.minecraft.wooden_pickaxe":19,"stat.craftItem.minecraft.cooked_beef":1,"stat.pickup.minecraft.cobblestone":18,"stat.pickup.srparasites.assimilated_flesh":1,"stat.pickup.minecraft.planks":1,"stat.pickup.minecraft.reeds":3,"stat.flyOneCm":100455,"stat.pickup.minecraft.bed":2,"stat.pickup.minecraft.wheat_seeds":1,"stat.pickup.narutomod.kunai":3,"stat.mineBlock.minecraft.gravel":6,"stat.useItem.minecraft.stone_pickaxe":55,"stat.useItem.minecraft.cooked_beef":1,"stat.craftItem.minecraft.cooked_fish":2,"stat.damageDealt":517,"stat.mineBlock.minecraft.iron_ore":26,"stat.sleepInBed":2,"stat.timeSinceDeath":2821,"stat.craftItem.narutomod.shuriken":3,"stat.killEntity.Cow":1,"stat.mineBlock.minecraft.dirt":5,"stat.craftItem.minecraft.wooden_pickaxe":1,"stat.walkOneCm":150452,"stat.useItem.minecraft.torch":5,"stat.playerKills":1,"stat.pickup.minecraft.crafting_table":2,"stat.craftItem.minecraft.crafting_table":1,"stat.furnaceInteraction":13,"stat.mineBlock.minecraft.coal_ore":3,"stat.pickup.srparasites.lurecomponent1":2,"stat.talkedToVillager":1,"stat.pickup.minecraft.log":10,"stat.pickup.minecraft.string":4,"stat.useItem.minecraft.cooked_fish":2,"stat.pickup.narutomod.shuriken":5,"stat.pickup.minecraft.beef":1,"stat.useItem.minecraft.cooked_mutton":2,"stat.pickup.minecraft.furnace":1,"stat.craftItem.minecraft.stone_slab2":0,"stat.pickup.minecraft.stone":3,"stat.mineBlock.minecraft.wool":19,"stat.pickup.minecraft.sapling":2,"stat.sprintOneCm":67671,"stat.craftItem.minecraft.stick":8,"stat.mineBlock.overlast.red_leaves":1,"stat.craftItem.minecraft.planks":24,"stat.pickup.futuremc.lily_of_the_valley":1,"stat.useItem.minecraft.flint_and_steel":63,"stat.mineBlock.minecraft.crafting_table":2,"stat.mobKills":5,"stat.mineBlock.minecraft.log":11,"stat.craftItem.toughasnails.wool_chestplate":1,"stat.mineBlock.minecraft.planks":1,"stat.deaths":4,"stat.mineBlock.minecraft.leaves":1,"stat.playOneMinute":46927,"stat.pickup.minecraft.torch":5,"stat.sneakTime":1589,"stat.pickup.minecraft.wool":19,"stat.mineBlock.minecraft.stone":17,"stat.mineBlock.minecraft.tallgrass":2,"stat.pickup.minecraft.cooked_mutton":2}