{"stat.cakeSlicesEaten":6,"stat.useItem.minecraft.string":1,"stat.pickup.narutomod.chakra_blades":1,"stat.pickup.minecraft.bone":2,"stat.leaveGame":16,"stat.pickup.minecraft.stone_pickaxe":1,"stat.pickup.minecraft.flint":1,"stat.mineBlock.srparasites.gore":42,"stat.entityKilledBy.tenten":1,"stat.swimOneCm":8789,"stat.pickup.quark.glass_shards":3,"stat.useItem.minecraft.planks":2,"stat.climbOneCm":879,"stat.pickup.narutomod.team_scroll":1,"stat.pickup.narutomod.sharinganhelmet":1,"stat.useItem.minecraft.dirt":4,"stat.useItem.minecraft.stone_slab2":64,"stat.drop.narutomod.chakra_blades":1,"stat.craftItem.minecraft.furnace":1,"stat.entityKilledBy.zabuza_momochi":1,"stat.craftItem.minecraft.stone_pickaxe":1,"stat.craftItem.minecraft.cooked_beef":3,"stat.pickup.minecraft.shears":1,"stat.pickup.minecraft.cobblestone":18,"stat.flyOneCm":671412,"stat.pickup.narutomod.kunai":3,"stat.useItem.minecraft.cooked_beef":6,"stat.craftItem.minecraft.cooked_fish":2,"stat.mineBlock.minecraft.iron_ore":26,"stat.timeSinceDeath":17361,"stat.craftItem.narutomod.shuriken":3,"stat.craftItem.minecraft.wooden_pickaxe":1,"stat.useItem.minecraft.iron_shovel":1,"stat.useItem.minecraft.potato":25,"stat.furnaceInteraction":37,"stat.pickup.minecraft.carpet":2,"stat.mineBlock.minecraft.coal_ore":3,"stat.mineBlock.futuremc.cornflower":1,"stat.pickup.srparasites.lurecomponent1":2,"stat.talkedToVillager":2,"stat.pickup.minecraft.string":5,"stat.drop.narutomod.team_scroll":1,"stat.pickup.minecraft.beef":5,"stat.useItem.minecraft.cooked_mutton":3,"stat.pickup.minecraft.furnace":1,"stat.useItem.charm.suspicious_soup":3,"stat.craftItem.minecraft.stone_slab2":0,"stat.sprintOneCm":221740,"stat.craftItem.minecraft.stick":40,"stat.mineBlock.overlast.yellow_leaves":5,"stat.craftItem.narutomod.chakra_blades":1,"stat.pickup.futuremc.lily_of_the_valley":1,"stat.useItem.minecraft.flint_and_steel":63,"stat.mineBlock.minecraft.crafting_table":2,"stat.mineBlock.minecraft.planks":1,"stat.deaths":19,"stat.pickup.minecraft.bowl":1,"stat.drop":7,"stat.playOneMinute":184945,"stat.pickup.narutomod.ice_senbon":6,"stat.mineBlock.minecraft.tallgrass":90,"stat.diveOneCm":1297,"stat.pickup.minecraft.cooked_mutton":3,"stat.chestOpened":33,"stat.pickup.minecraft.gravel":4,"stat.useItem.minecraft.apple":9,"stat.craftItem.minecraft.iron_nugget":9,"stat.jump":2411,"stat.pickup.minecraft.coal":5,"stat.fallOneCm":113284,"stat.pickup.minecraft.iron_ingot":58,"stat.craftItem.narutomod.kunai":3,"stat.drop.narutomod.ice_senbon":5,"stat.crouchOneCm":17430,"stat.craftItem.minecraft.torch":12,"stat.craftItem.minecraft.iron_ingot":19,"stat.pickup.minecraft.dirt":28,"stat.craftingTableInteraction":17,"stat.pickup.minecraft.iron_ore":21,"stat.craftItem.minecraft.flint_and_steel":1,"stat.useItem.narutomod.military_rations_pill_gold":1,"stat.mineBlock.minecraft.glass_pane":2,"stat.damageTaken":14898,"stat.pickup.minecraft.leather":2,"stat.mineBlock.minecraft.torch":4,"stat.mineBlock.minecraft.furnace":1,"stat.mineBlock.minecraft.red_flower":1,"stat.useItem.minecraft.wooden_pickaxe":43,"stat.useItem.narutomod.chakra_blades":196,"stat.pickup.srparasites.assimilated_flesh":10,"stat.pickup.minecraft.planks":4,"stat.pickup.minecraft.reeds":5,"stat.pickup.minecraft.bed":5,"stat.pickup.minecraft.wheat_seeds":12,"stat.pickup.srparasites.canisteractive":2,"stat.mineBlock.minecraft.gravel":6,"stat.useItem.minecraft.stone_pickaxe":91,"stat.damageDealt":6114,"stat.craftItem.minecraft.glass":1,"stat.sleepInBed":15,"stat.craftItem.minecraft.baked_potato":7,"stat.killEntity.Cow":7,"stat.mineBlock.minecraft.dirt":19,"stat.walkOneCm":625503,"stat.useItem.minecraft.torch":8,"stat.playerKills":1,"stat.pickup.minecraft.stick":4,"stat.pickup.minecraft.iron_nugget":3,"stat.pickup.minecraft.crafting_table":2,"stat.useItem.minecraft.cobblestone":6,"stat.craftItem.minecraft.crafting_table":1,"stat.mineBlock.minecraft.double_plant":7,"stat.craftItem.narutomod.team_scroll":2,"stat.pickup.minecraft.iron_hoe":1,"stat.pickup.minecraft.log":12,"stat.useItem.minecraft.cooked_fish":6,"stat.pickup.narutomod.shuriken":5,"stat.pickup.minecraft.stone":6,"stat.mineBlock.minecraft.wool":19,"stat.pickup.minecraft.sapling":2,"stat.pickup.minecraft.wooden_door":1,"stat.pickup.minecraft.cooked_beef":1,"stat.pickup.minecraft.apple":1,"stat.mineBlock.overlast.red_leaves":4,"stat.useItem.narutomod.ice_senbon":4,"stat.craftItem.minecraft.bucket":1,"stat.craftItem.minecraft.planks":40,"stat.mobKills":45,"stat.mineBlock.minecraft.log":11,"stat.mineBlock.minecraft.leaves":12,"stat.pickup.minecraft.torch":14,"stat.pickup.minecraft.red_flower":1,"stat.sneakTime":4737,"stat.pickup.minecraft.wool":21,"stat.useItem.minecraft.baked_potato":7,"stat.useItem.narutomod.military_rations_pill":1,"stat.pickup.minecraft.cooked_fish":4,"stat.pickup.minecraft.yellow_flower":1,"stat.mineBlock.minecraft.stone":17}