{"stat.useItem.minecraft.string":3,"stat.leaveGame":32,"stat.entityKilledBy.tenten":1,"stat.pickup.srparasites.parasitecanister":1,"stat.useItem.minecraft.planks":2,"stat.pickup.narutomod.team_scroll":1,"stat.killEntity.futuremc:cod":4,"stat.pickup.srparasites.ada_longarms_drop":3,"stat.pickup.minecraft.rotten_flesh":18,"stat.pickup.minecraft.sand":19,"stat.entityKilledBy.zabuza_momochi":1,"stat.killEntity.Enderman":2,"stat.mineBlock.minecraft.sand":2,"stat.killEntity.Witch":1,"stat.craftItem.minecraft.cooked_fish":2,"stat.drop.minecraft.diamond":3,"stat.craftItem.minecraft.wooden_pickaxe":1,"stat.useItem.minecraft.iron_shovel":1,"stat.useItem.narutomod.chakrafruit":1,"stat.furnaceInteraction":42,"stat.killEntity.ZombieVillager":3,"stat.pickup.srparasites.lurecomponent2":2,"stat.mineBlock.futuremc.cornflower":3,"stat.pickup.srparasites.lurecomponent3":2,"stat.pickup.srparasites.lurecomponent1":9,"stat.drop.narutomod.team_scroll":1,"stat.pickup.minecraft.beef":11,"stat.useItem.minecraft.cooked_mutton":3,"stat.pickup.minecraft.furnace":1,"stat.useItem.charm.suspicious_soup":3,"stat.killEntity.Horse":5,"stat.mineBlock.overlast.yellow_leaves":16,"stat.pickup.futuremc.lily_of_the_valley":1,"stat.useItem.minecraft.flint_and_steel":63,"stat.killEntity.Husk":7,"stat.useItem.minecraft.beef":1,"stat.deaths":20,"stat.pickup.minecraft.bowl":1,"stat.pickup.minecraft.egg":2,"stat.playOneMinute":415615,"stat.drop.narutomod.whitezetsuflesh":1,"stat.mineBlock.minecraft.tallgrass":171,"stat.pickup.minecraft.cooked_mutton":3,"stat.chestOpened":59,"stat.killEntity.quark:crab":3,"stat.pickup.minecraft.arrow":8,"stat.craftItem.minecraft.iron_nugget":9,"stat.fallOneCm":233791,"stat.killEntity.whitezetsu":1,"stat.craftItem.narutomod.kunai":3,"stat.crouchOneCm":49927,"stat.craftItem.minecraft.iron_ingot":19,"stat.craftItem.minecraft.chest":1,"stat.craftingTableInteraction":20,"stat.useItem.charm.bat_bucket":3,"stat.pickup.narutomod.biju_map":1,"stat.pickup.minecraft.feather":1,"stat.useItem.narutomod.chakra_blades":216,"stat.pickup.minecraft.dye":3,"stat.pickup.minecraft.planks":4,"stat.pickup.minecraft.wheat_seeds":23,"stat.mineBlock.minecraft.gravel":6,"stat.useItem.minecraft.stone_pickaxe":91,"stat.mineBlock.minecraft.dirt":24,"stat.useItem.minecraft.torch":8,"stat.pickup.minecraft.iron_nugget":3,"stat.pickup.minecraft.crafting_table":2,"stat.useItem.minecraft.cobblestone":6,"stat.craftItem.minecraft.crafting_table":2,"stat.mineBlock.minecraft.double_plant":7,"stat.craftItem.narutomod.team_scroll":2,"stat.pickup.minecraft.iron_hoe":1,"stat.pickup.narutomod.whitezetsuflesh":1,"stat.pickup.minecraft.log":19,"stat.useItem.minecraft.cooked_fish":6,"stat.pickup.narutomod.shuriken":5,"stat.mineBlock.srparasites.infestedtrunk":1,"stat.pickup.minecraft.sapling":7,"stat.pickup.minecraft.wooden_door":1,"stat.pickup.minecraft.apple":1,"stat.mineBlock.overlast.red_leaves":4,"stat.craftItem.minecraft.bucket":1,"stat.craftItem.minecraft.planks":48,"stat.pickup.futuremc.cornflower":1,"stat.mineBlock.minecraft.log":17,"stat.mineBlock.minecraft.waterlily":2,"stat.pickup.minecraft.red_flower":1,"stat.sneakTime":15002,"stat.pickup.minecraft.wool":22,"stat.useItem.minecraft.baked_potato":7,"stat.useItem.narutomod.military_rations_pill":4,"stat.pickup.minecraft.cooked_fish":4,"stat.pickup.minecraft.yellow_flower":4,"stat.cakeSlicesEaten":6,"stat.pickup.narutomod.chakra_blades":2,"stat.pickup.minecraft.bone":11,"stat.pickup.minecraft.stone_pickaxe":1,"stat.pickup.srparasites.infestedtrunk":1,"stat.pickup.minecraft.flint":1,"stat.mineBlock.srparasites.gore":64,"stat.mineBlock.charm.crate_sealed":1,"stat.swimOneCm":38054,"stat.pickup.quark.glass_shards":7,"stat.climbOneCm":9018,"stat.pickup.narutomod.sharinganhelmet":1,"stat.useItem.minecraft.dirt":4,"stat.useItem.minecraft.stone_slab2":79,"stat.pickup.minecraft.bow":1,"stat.drop.narutomod.chakra_blades":2,"stat.craftItem.minecraft.furnace":1,"stat.craftItem.minecraft.stone_pickaxe":1,"stat.craftItem.minecraft.cooked_beef":3,"stat.pickup.minecraft.shears":1,"stat.pickup.minecraft.cobblestone":73,"stat.mineBlock.minecraft.clay":1,"stat.flyOneCm":1707921,"stat.pickup.narutomod.kunai":3,"stat.pickup.minecraft.fish":1,"stat.useItem.minecraft.cooked_beef":18,"stat.mineBlock.minecraft.iron_ore":26,"stat.timeSinceDeath":217415,"stat.craftItem.narutomod.shuriken":3,"stat.pickup.minecraft.mutton":2,"stat.killEntity.Bat":19,"stat.useItem.minecraft.potato":25,"stat.pickup.minecraft.carpet":2,"stat.mineBlock.minecraft.coal_ore":3,"stat.killEntity.Creeper":18,"stat.talkedToVillager":2,"stat.pickup.minecraft.string":8,"stat.craftItem.minecraft.stone_slab2":0,"stat.killEntity.Squid":11,"stat.pickup.srparasites.beckon_drop":1,"stat.sprintOneCm":487493,"stat.craftItem.minecraft.stick":40,"stat.craftItem.narutomod.chakra_blades":1,"stat.pickup.nocubessrpnests.organicsample":11,"stat.mineBlock.minecraft.crafting_table":2,"stat.mineBlock.minecraft.planks":1,"stat.drop":17,"stat.killEntity.Zombie":36,"stat.pickup.minecraft.snowball":31,"stat.pickup.narutomod.ice_senbon":11,"stat.mineBlock.minecraft.gold_ore":1,"stat.diveOneCm":42734,"stat.pickup.minecraft.wheat":1,"stat.drop.narutomod.biju_map":1,"stat.pickup.minecraft.gravel":5,"stat.drop.minecraft.cooked_beef":4,"stat.useItem.minecraft.apple":9,"stat.mineBlock.minecraft.deadbush":1,"stat.jump":5343,"stat.pickup.minecraft.coal":6,"stat.pickup.minecraft.iron_ingot":58,"stat.drop.narutomod.ice_senbon":6,"stat.pickup.minecraft.gunpowder":2,"stat.craftItem.minecraft.torch":12,"stat.pickup.minecraft.dirt":105,"stat.pickup.minecraft.iron_ore":21,"stat.pickup.narutomod.scroll_futon_vacuum":1,"stat.pickup.minecraft.gold_ore":1,"stat.craftItem.minecraft.flint_and_steel":1,"stat.useItem.narutomod.military_rations_pill_gold":2,"stat.mineBlock.minecraft.glass_pane":2,"stat.damageTaken":29260,"stat.pickup.minecraft.leather":5,"stat.mineBlock.minecraft.torch":4,"stat.mineBlock.minecraft.furnace":1,"stat.mineBlock.minecraft.red_flower":1,"stat.useItem.minecraft.wooden_pickaxe":43,"stat.pickup.srparasites.ada_yelloweye_drop":1,"stat.pickup.srparasites.assimilated_flesh":67,"stat.pickup.minecraft.reeds":5,"stat.pickup.minecraft.bed":10,"stat.pickup.srparasites.canisteractive":2,"stat.damageDealt":18031,"stat.craftItem.minecraft.glass":1,"stat.sleepInBed":20,"stat.craftItem.minecraft.baked_potato":7,"stat.killEntity.Cow":8,"stat.killEntity.Pig":45,"stat.pickup.narutomod.scroll_water_shark":1,"stat.walkOneCm":1571898,"stat.playerKills":4,"stat.pickup.minecraft.stick":4,"stat.pickup.minecraft.clay_ball":4,"stat.killEntity.quark:stoneling":1,"stat.pickup.minecraft.stone":7,"stat.mineBlock.minecraft.wool":19,"stat.pickup.minecraft.cooked_beef":1,"stat.killEntity.Skeleton":28,"stat.useItem.narutomod.ice_senbon":10,"stat.killEntity.Chicken":9,"stat.killEntity.Spider":11,"stat.mobKills":290,"stat.mineBlock.minecraft.leaves":24,"stat.pickup.minecraft.torch":14,"stat.mineBlock.srparasites.parasitecanister":2,"stat.useItem.narutomod.black_receiver":30,"stat.killEntity.quark:ashen":1,"stat.mineBlock.minecraft.stone":19}