{"stat.pickup.minecraft.bone":6,"stat.leaveGame":2,"stat.mineBlock.srparasites.gore":9,"stat.craftItem.minecraft.wool":7,"stat.mineBlock.minecraft.stained_glass_pane":7,"stat.mineBlock.minecraft.stained_glass":11,"stat.swimOneCm":1206,"stat.pickup.quark.glass_shards":33,"stat.useItem.minecraft.planks":59,"stat.climbOneCm":18287,"stat.mineBlock.minecraft.web":10,"stat.useItem.minecraft.dirt":1,"stat.useItem.minecraft.stone_slab2":19,"stat.mineBlock.minecraft.red_mushroom":2,"stat.pickup.minecraft.sand":4,"stat.entityKilledBy.Spider":2,"stat.craftItem.minecraft.stone_axe":1,"stat.craftItem.minecraft.stone_pickaxe":1,"stat.pickup.minecraft.cobblestone":20,"stat.craftItem.minecraft.stone_sword":1,"stat.flyOneCm":84049,"stat.mineBlock.minecraft.sand":4,"stat.craftItem.toughasnails.campfire":1,"stat.timeSinceDeath":8543,"stat.pickup.minecraft.stained_hardened_clay":128,"stat.useItem.minecraft.iron_door":1,"stat.craftItem.minecraft.bed":2,"stat.mineBlock.minecraft.vine":8,"stat.furnaceInteraction":3,"stat.craftItem.spartanweaponry.material":1,"stat.craftItem.minecraft.stone_hoe":1,"stat.pickup.minecraft.string":17,"stat.mineBlock.minecraft.ladder":1,"stat.drop.minecraft.stained_hardened_clay":116,"stat.entityKilledBy.Skeleton":1,"stat.mineBlock.minecraft.stained_hardened_clay":81,"stat.sprintOneCm":99530,"stat.craftItem.minecraft.stick":52,"stat.craftItem.minecraft.wooden_axe":1,"stat.mineBlock.overlast.yellow_leaves":1,"stat.useItem.minecraft.wheat_seeds":13,"stat.mineBlock.minecraft.crafting_table":1,"stat.useItem.minecraft.dye":18,"stat.deaths":8,"stat.mineBlock.minecraft.planks":5,"stat.drop":2,"stat.playOneMinute":68731,"stat.craftItem.minecraft.dye":30,"stat.pickup.minecraft.iron_bars":1,"stat.mineBlock.minecraft.tallgrass":74,"stat.diveOneCm":693,"stat.pickup.minecraft.wheat":7,"stat.chestOpened":5,"stat.pickup.minecraft.arrow":5,"stat.useItem.minecraft.sand":9,"stat.jump":830,"stat.fallOneCm":12673,"stat.useItem.minecraft.stone_axe":27,"stat.craftItem.minecraft.bread":3,"stat.crouchOneCm":5482,"stat.pickup.minecraft.spider_eye":3,"stat.pickup.minecraft.dirt":17,"stat.pickup.minecraft.red_mushroom":3,"stat.craftingTableInteraction":23,"stat.mineBlock.minecraft.log2":15,"stat.damageTaken":1739,"stat.pickup.minecraft.log2":15,"stat.pickup.minecraft.planks":5,"stat.pickup.minecraft.bed":2,"stat.pickup.minecraft.wheat_seeds":26,"stat.useItem.minecraft.stone_pickaxe":96,"stat.useItem.minecraft.stone_sword":120,"stat.damageDealt":4305,"stat.sleepInBed":1,"stat.mineBlock.minecraft.dirt":17,"stat.walkOneCm":410645,"stat.useItem.minecraft.bread":3,"stat.useItem.minecraft.log":2,"stat.pickup.minecraft.crafting_table":1,"stat.useItem.minecraft.cobblestone":6,"stat.craftItem.minecraft.crafting_table":2,"stat.pickup.minecraft.log":20,"stat.useItem.minecraft.stained_hardened_clay":3,"stat.pickup.minecraft.sapling":1,"stat.mineBlock.overlast.red_leaves":4,"stat.killEntity.Skeleton":6,"stat.craftItem.spartanshields.shield_tower_wood":1,"stat.craftItem.minecraft.planks":116,"stat.killEntity.Spider":6,"stat.mobKills":25,"stat.pickup.minecraft.book":12,"stat.mineBlock.minecraft.log":13,"stat.mineBlock.minecraft.bookshelf":4,"stat.useItem.minecraft.stone_hoe":19,"stat.useItem.minecraft.golden_apple":1,"stat.pickup.minecraft.iron_door":2,"stat.mineBlock.minecraft.leaves":49,"stat.pickup.minecraft.torch":1,"stat.sneakTime":1782,"stat.useItem.minecraft.wooden_axe":35}