{"stat.pickup.minecraft.sand":3,"stat.mineBlock.overlast.red_leaves":4,"stat.walkOneCm":31612,"stat.entityKilledBy.Spider":1,"stat.craftItem.minecraft.planks":24,"stat.leaveGame":1,"stat.damageTaken":290,"stat.furnaceInteraction":1,"stat.craftItem.minecraft.crafting_table":1,"stat.mineBlock.minecraft.log":6,"stat.pickup.minecraft.log":6,"stat.flyOneCm":14196,"stat.deaths":1,"stat.jump":106,"stat.mineBlock.minecraft.sand":3,"stat.useItem.minecraft.sand":2,"stat.playOneMinute":9156,"stat.climbOneCm":5928,"stat.fallOneCm":1614,"stat.sneakTime":545,"stat.damageDealt":19,"stat.crouchOneCm":1718,"stat.timeSinceDeath":6758,"stat.pickup.minecraft.dirt":2,"stat.useItem.minecraft.dirt":1,"stat.sprintOneCm":18557,"stat.mineBlock.minecraft.dirt":2,"stat.useItem.minecraft.stone_slab2":2,"stat.mineBlock.minecraft.tallgrass":2,"stat.craftItem.minecraft.stick":4,"stat.craftItem.minecraft.wooden_axe":1,"stat.craftingTableInteraction":5}