{"stat.walkOneCm":199743,"stat.leaveGame":1,"stat.mineBlock.minecraft.vine":1,"stat.useItem.minecraft.log":2,"stat.furnaceInteraction":3,"stat.craftItem.minecraft.crafting_table":1,"stat.pickup.minecraft.log":15,"stat.pickup.minecraft.string":1,"stat.useItem.minecraft.sand":2,"stat.jump":402,"stat.swimOneCm":137,"stat.useItem.minecraft.planks":4,"stat.fallOneCm":6270,"stat.climbOneCm":10778,"stat.crouchOneCm":2891,"stat.pickup.minecraft.spider_eye":1,"stat.pickup.minecraft.sapling":1,"stat.pickup.minecraft.dirt":2,"stat.useItem.minecraft.dirt":1,"stat.sprintOneCm":51963,"stat.useItem.minecraft.stone_slab2":5,"stat.craftItem.minecraft.stick":52,"stat.craftItem.minecraft.wooden_axe":1,"stat.craftingTableInteraction":9,"stat.pickup.minecraft.sand":4,"stat.mineBlock.overlast.red_leaves":4,"stat.craftItem.spartanshields.shield_tower_wood":1,"stat.entityKilledBy.Spider":1,"stat.craftItem.minecraft.planks":48,"stat.mineBlock.minecraft.log2":5,"stat.damageTaken":583,"stat.mobKills":6,"stat.pickup.minecraft.cobblestone":20,"stat.pickup.minecraft.book":12,"stat.mineBlock.minecraft.log":8,"stat.mineBlock.minecraft.bookshelf":4,"stat.pickup.minecraft.log2":5,"stat.flyOneCm":33780,"stat.deaths":3,"stat.pickup.minecraft.iron_door":2,"stat.pickup.minecraft.wheat_seeds":1,"stat.mineBlock.minecraft.leaves":33,"stat.mineBlock.minecraft.sand":4,"stat.playOneMinute":33456,"stat.craftItem.toughasnails.campfire":1,"stat.sneakTime":947,"stat.damageDealt":657,"stat.timeSinceDeath":4076,"stat.pickup.minecraft.iron_bars":1,"stat.useItem.minecraft.wooden_axe":28,"stat.mineBlock.minecraft.dirt":2,"stat.mineBlock.minecraft.tallgrass":28,"stat.useItem.minecraft.iron_door":1}