{"stat.pickup.minecraft.bone":6,"stat.leaveGame":4,"stat.mineBlock.minecraft.cobblestone":1,"stat.mineBlock.srparasites.gore":9,"stat.craftItem.minecraft.wool":7,"stat.mineBlock.minecraft.stained_glass_pane":7,"stat.mineBlock.minecraft.stained_glass":11,"stat.swimOneCm":1775,"stat.pickup.quark.glass_shards":33,"stat.useItem.minecraft.planks":61,"stat.climbOneCm":19318,"stat.mineBlock.minecraft.web":10,"stat.useItem.minecraft.dirt":1,"stat.useItem.minecraft.stone_slab2":28,"stat.mineBlock.minecraft.red_mushroom":2,"stat.pickup.minecraft.rotten_flesh":2,"stat.pickup.minecraft.sand":4,"stat.craftItem.minecraft.furnace":1,"stat.entityKilledBy.Spider":2,"stat.craftItem.minecraft.stone_axe":1,"stat.craftItem.minecraft.stone_pickaxe":3,"stat.pickup.minecraft.cobblestone":401,"stat.craftItem.minecraft.stone_sword":1,"stat.flyOneCm":92227,"stat.mineBlock.minecraft.sand":4,"stat.craftItem.toughasnails.campfire":1,"stat.pickup.minecraft.redstone":9,"stat.mineBlock.minecraft.iron_ore":15,"stat.timeSinceDeath":30441,"stat.useItem.minecraft.iron_pickaxe":155,"stat.pickup.minecraft.stained_hardened_clay":129,"stat.useItem.minecraft.iron_door":1,"stat.craftItem.minecraft.bed":2,"stat.mineBlock.minecraft.vine":8,"stat.pickup.minecraft.stonebrick":11,"stat.furnaceInteraction":7,"stat.craftItem.spartanweaponry.material":1,"stat.mineBlock.minecraft.coal_ore":23,"stat.craftItem.minecraft.stone_hoe":1,"stat.pickup.minecraft.string":17,"stat.mineBlock.minecraft.ladder":1,"stat.pickup.minecraft.furnace":1,"stat.drop.minecraft.stained_hardened_clay":116,"stat.entityKilledBy.Skeleton":1,"stat.craftItem.minecraft.stone_slab2":0,"stat.mineBlock.minecraft.stained_hardened_clay":82,"stat.sprintOneCm":103689,"stat.craftItem.minecraft.stick":52,"stat.craftItem.minecraft.wooden_axe":1,"stat.mineBlock.overlast.yellow_leaves":1,"stat.mineBlock.minecraft.diamond_ore":6,"stat.useItem.minecraft.wheat_seeds":13,"stat.mineBlock.minecraft.crafting_table":4,"stat.useItem.minecraft.dye":18,"stat.deaths":9,"stat.mineBlock.minecraft.planks":5,"stat.drop":2,"stat.playOneMinute":101183,"stat.craftItem.minecraft.iron_pickaxe":1,"stat.killEntity.Zombie":5,"stat.craftItem.minecraft.dye":30,"stat.pickup.minecraft.iron_bars":1,"stat.mineBlock.minecraft.tallgrass":74,"stat.diveOneCm":733,"stat.pickup.minecraft.wheat":7,"stat.chestOpened":5,"stat.mineBlock.minecraft.mossy_cobblestone":1,"stat.pickup.minecraft.gravel":1,"stat.pickup.minecraft.arrow":10,"stat.useItem.minecraft.sand":9,"stat.jump":1044,"stat.pickup.minecraft.coal":43,"stat.fallOneCm":13997,"stat.pickup.minecraft.iron_ingot":1,"stat.useItem.minecraft.stone_axe":57,"stat.craftItem.minecraft.bread":3,"stat.crouchOneCm":8769,"stat.pickup.minecraft.spider_eye":6,"stat.craftItem.minecraft.torch":8,"stat.craftItem.minecraft.iron_ingot":8,"stat.pickup.minecraft.dirt":18,"stat.pickup.minecraft.red_mushroom":3,"stat.craftingTableInteraction":27,"stat.pickup.minecraft.iron_ore":15,"stat.mineBlock.minecraft.lapis_ore":1,"stat.mineBlock.minecraft.log2":15,"stat.damageTaken":1974,"stat.mineBlock.minecraft.furnace":1,"stat.mineBlock.minecraft.torch":3,"stat.pickup.minecraft.log2":15,"stat.pickup.minecraft.dye":7,"stat.pickup.minecraft.planks":5,"stat.pickup.minecraft.bed":2,"stat.pickup.minecraft.wheat_seeds":26,"stat.entityKilledBy.Zombie":1,"stat.mineBlock.minecraft.gravel":1,"stat.useItem.minecraft.stone_pickaxe":393,"stat.useItem.minecraft.stone_sword":121,"stat.damageDealt":5702,"stat.sleepInBed":3,"stat.mineBlock.minecraft.dirt":20,"stat.walkOneCm":507302,"stat.useItem.minecraft.bread":3,"stat.useItem.minecraft.torch":3,"stat.useItem.minecraft.log":2,"stat.pickup.minecraft.crafting_table":4,"stat.useItem.minecraft.cobblestone":58,"stat.craftItem.minecraft.crafting_table":4,"stat.pickup.minecraft.log":20,"stat.useItem.minecraft.stained_hardened_clay":3,"stat.pickup.minecraft.sapling":1,"stat.mineBlock.overlast.red_leaves":4,"stat.killEntity.Skeleton":6,"stat.craftItem.spartanshields.shield_tower_wood":1,"stat.mineBlock.minecraft.stonebrick":11,"stat.craftItem.minecraft.planks":116,"stat.killEntity.Spider":7,"stat.mobKills":33,"stat.pickup.minecraft.book":12,"stat.mineBlock.minecraft.log":13,"stat.mineBlock.minecraft.bookshelf":4,"stat.useItem.minecraft.stone_hoe":19,"stat.useItem.minecraft.golden_apple":2,"stat.pickup.minecraft.iron_door":2,"stat.pickup.minecraft.diamond":6,"stat.mineBlock.minecraft.leaves":49,"stat.pickup.minecraft.torch":4,"stat.mineBlock.minecraft.redstone_ore":2,"stat.sneakTime":3461,"stat.useItem.minecraft.wooden_axe":35,"stat.mineBlock.minecraft.stone":383}