{"stat.pickup.minecraft.bone":17,"stat.pickup.narutomod.scroll_karasu":1,"stat.useItem.minecraft.iron_axe":5,"stat.leaveGame":18,"stat.mineBlock.minecraft.cobblestone":4,"stat.craftItem.minecraft.iron_axe":1,"stat.mineBlock.srparasites.gore":19,"stat.craftItem.minecraft.wool":3,"stat.drop.narutomod.shuriken":1,"stat.mineBlock.minecraft.stained_glass_pane":5,"stat.mineBlock.minecraft.stained_glass":27,"stat.useItem.minecraft.mutton":4,"stat.swimOneCm":2298,"stat.pickup.quark.glass_shards":102,"stat.drop.quark.glass_shards":2,"stat.climbOneCm":22424,"stat.useItem.minecraft.planks":37,"stat.pickup.minecraft.enchanted_book":1,"stat.pickup.minecraft.porkchop":10,"stat.useItem.minecraft.dirt":2,"stat.useItem.minecraft.stone_slab2":91,"stat.pickup.minecraft.bow":1,"stat.mineBlock.minecraft.red_mushroom":6,"stat.mineBlock.minecraft.stone_brick_stairs":2,"stat.craftItem.minecraft.furnace":1,"stat.entityKilledBy.Spider":2,"stat.craftItem.minecraft.stone_axe":1,"stat.craftItem.minecraft.stone_pickaxe":1,"stat.pickup.minecraft.cobblestone":23,"stat.pickup.minecraft.quartz_stairs":2,"stat.flyOneCm":339224,"stat.pickup.narutomod.kunai":1,"stat.pickup.quark.rune":2,"stat.drop.minecraft.wheat_seeds":1,"stat.craftItem.minecraft.stained_glass":6,"stat.pickup.quark.tallow":18,"stat.mineBlock.minecraft.iron_ore":6,"stat.timeSinceDeath":0,"stat.craftItem.narutomod.shuriken":12,"stat.drop.narutomod.scroll_karasu":1,"stat.useItem.minecraft.iron_pickaxe":18,"stat.pickup.minecraft.stained_hardened_clay":1,"stat.craftItem.minecraft.wooden_pickaxe":1,"stat.pickup.minecraft.mutton":4,"stat.craftItem.minecraft.birch_door":9,"stat.craftItem.minecraft.bed":1,"stat.pickup.minecraft.stonebrick":105,"stat.furnaceInteraction":15,"stat.useItem.minecraft.cooked_porkchop":1,"stat.mineBlock.minecraft.coal_ore":3,"stat.pickup.srparasites.lurecomponent1":2,"stat.killEntity.Creeper":1,"stat.pickup.minecraft.string":2,"stat.pickup.minecraft.beef":6,"stat.pickup.minecraft.furnace":1,"stat.entityKilledBy.Skeleton":1,"stat.craftItem.minecraft.stone_slab2":0,"stat.mineBlock.minecraft.stained_hardened_clay":2,"stat.sprintOneCm":223472,"stat.mineBlock.minecraft.stone_slab":5,"stat.craftItem.minecraft.stick":96,"stat.useItem.minecraft.stone_slab":8,"stat.mineBlock.overlast.yellow_leaves":3,"stat.entityKilledBy.kisame_hoshigaki":1,"stat.mineBlock.minecraft.crafting_table":1,"stat.mineBlock.minecraft.quartz_block":2,"stat.deaths":22,"stat.mineBlock.minecraft.planks":16,"stat.drop":17,"stat.playOneMinute":139564,"stat.killEntity.Sheep":3,"stat.craftItem.minecraft.iron_pickaxe":1,"stat.killEntity.Zombie":1,"stat.craftItem.minecraft.dye":3,"stat.mineBlock.minecraft.tallgrass":8,"stat.diveOneCm":8470,"stat.pickup.minecraft.wheat":2,"stat.chestOpened":38,"stat.drop.narutomod.kunai":1,"stat.pickup.minecraft.arrow":8,"stat.craftItem.minecraft.cooked_porkchop":8,"stat.mineBlock.minecraft.ice":1,"stat.useItem.minecraft.stained_glass_pane":3,"stat.drop.minecraft.cooked_porkchop":8,"stat.pickup.minecraft.stone_brick_stairs":2,"stat.craftItem.minecraft.iron_nugget":27,"stat.jump":1712,"stat.pickup.minecraft.coal":3,"stat.fallOneCm":87794,"stat.pickup.minecraft.iron_ingot":6,"stat.craftItem.narutomod.kunai":3,"stat.craftItem.narutomod.kunai_3prong":1,"stat.useItem.minecraft.stone_axe":86,"stat.pickup.minecraft.gunpowder":1,"stat.crouchOneCm":11855,"stat.mineBlock.minecraft.chest":1,"stat.pickup.minecraft.spider_eye":1,"stat.craftItem.minecraft.torch":8,"stat.craftItem.minecraft.iron_ingot":6,"stat.craftItem.minecraft.chest":1,"stat.pickup.minecraft.dirt":5,"stat.pickup.minecraft.red_mushroom":12,"stat.craftingTableInteraction":30,"stat.pickup.minecraft.iron_ore":6,"stat.pickup.minecraft.wooden_pickaxe":1,"stat.damageTaken":6972,"stat.mineBlock.minecraft.torch":9,"stat.mineBlock.minecraft.furnace":1,"stat.useItem.minecraft.wooden_pickaxe":7,"stat.pickup.srparasites.assimilated_flesh":3,"stat.pickup.minecraft.planks":25,"stat.pickup.narutomod.scroll_sanshouo":1,"stat.craftItem.minecraft.birch_fence":126,"stat.pickup.minecraft.wheat_seeds":1,"stat.useItem.minecraft.birch_fence":128,"stat.pickup.minecraft.quartz_block":3,"stat.useItem.minecraft.stone_pickaxe":130,"stat.mineBlock.minecraft.glass":4,"stat.damageDealt":6168,"stat.sleepInBed":5,"stat.mineBlock.minecraft.dirt":3,"stat.killEntity.Pig":5,"stat.walkOneCm":524336,"stat.useItem.minecraft.torch":8,"stat.pickup.minecraft.brewing_stand":2,"stat.mineBlock.minecraft.birch_fence":6,"stat.pickup.minecraft.stick":4,"stat.pickup.minecraft.iron_nugget":4,"stat.pickup.narutomod.scroll_hiding_in_mist":1,"stat.pickup.minecraft.crafting_table":1,"stat.craftItem.minecraft.crafting_table":2,"stat.mineBlock.overlast.orange_leaves":4,"stat.pickup.minecraft.log":20,"stat.pickup.narutomod.shuriken":5,"stat.pickup.minecraft.sapling":4,"stat.pickup.minecraft.ladder":1,"stat.useItem.minecraft.birch_door":5,"stat.mineBlock.overlast.red_leaves":5,"stat.killEntity.Skeleton":8,"stat.craftItem.minecraft.stained_glass_pane":16,"stat.mineBlock.minecraft.stonebrick":105,"stat.craftItem.minecraft.planks":336,"stat.killEntity.Spider":1,"stat.pickup.minecraft.bread":1,"stat.mobKills":62,"stat.drop.narutomod.scroll_hiding_in_mist":2,"stat.useItem.minecraft.stonebrick":92,"stat.mineBlock.minecraft.log":20,"stat.pickup.minecraft.birch_fence":6,"stat.mineBlock.minecraft.leaves":6,"stat.pickup.minecraft.torch":10,"stat.pickup.minecraft.red_flower":1,"stat.sneakTime":3424,"stat.pickup.minecraft.wool":6,"stat.drop.narutomod.scroll_sanshouo":1,"stat.pickup.minecraft.stone_slab":9,"stat.mineBlock.minecraft.stone":14,"stat.pickup.minecraft.chest":1}