{"stat.chestOpened":9,"stat.drop.narutomod.shuriken":1,"stat.flyOneCm":168529,"stat.mineBlock.minecraft.stained_glass_pane":2,"stat.drop.narutomod.kunai":1,"stat.deaths":1,"stat.walkOneCm":23965,"stat.drop":2,"stat.jump":153,"stat.pickup.narutomod.kunai":1,"stat.playOneMinute":18895,"stat.fallOneCm":4547,"stat.climbOneCm":4982,"stat.sneakTime":257,"stat.damageTaken":100,"stat.damageDealt":125,"stat.crouchOneCm":91,"stat.timeSinceDeath":16701,"stat.sprintOneCm":23194,"stat.mobKills":1,"stat.mineBlock.minecraft.tallgrass":2}