{"stat.chestOpened":3,"stat.walkOneCm":291068,"stat.pickup.minecraft.bone":4,"stat.leaveGame":1,"stat.mineBlock.minecraft.vine":1,"stat.pickup.minecraft.arrow":4,"stat.useItem.minecraft.log":2,"stat.furnaceInteraction":3,"stat.craftItem.minecraft.crafting_table":2,"stat.craftItem.minecraft.stone_hoe":1,"stat.craftItem.minecraft.wool":4,"stat.pickup.minecraft.log":15,"stat.pickup.minecraft.string":8,"stat.mineBlock.minecraft.stained_glass_pane":7,"stat.mineBlock.minecraft.stained_glass":10,"stat.useItem.minecraft.sand":9,"stat.jump":583,"stat.swimOneCm":678,"stat.pickup.quark.glass_shards":31,"stat.useItem.minecraft.planks":4,"stat.fallOneCm":10031,"stat.climbOneCm":14273,"stat.mineBlock.minecraft.web":7,"stat.entityKilledBy.Skeleton":1,"stat.crouchOneCm":3217,"stat.pickup.minecraft.spider_eye":1,"stat.pickup.minecraft.sapling":1,"stat.pickup.minecraft.dirt":5,"stat.useItem.minecraft.dirt":1,"stat.sprintOneCm":61380,"stat.useItem.minecraft.stone_slab2":7,"stat.craftItem.minecraft.stick":52,"stat.craftItem.minecraft.wooden_axe":1,"stat.craftingTableInteraction":12,"stat.pickup.minecraft.sand":4,"stat.mineBlock.overlast.red_leaves":4,"stat.killEntity.Skeleton":3,"stat.craftItem.spartanshields.shield_tower_wood":1,"stat.entityKilledBy.Spider":1,"stat.craftItem.minecraft.planks":56,"stat.useItem.minecraft.wheat_seeds":1,"stat.mineBlock.minecraft.log2":5,"stat.damageTaken":1188,"stat.mobKills":12,"stat.pickup.minecraft.cobblestone":20,"stat.pickup.minecraft.book":12,"stat.mineBlock.minecraft.log":8,"stat.mineBlock.minecraft.bookshelf":4,"stat.pickup.minecraft.log2":5,"stat.useItem.minecraft.stone_hoe":2,"stat.craftItem.minecraft.stone_sword":1,"stat.flyOneCm":48841,"stat.deaths":6,"stat.pickup.minecraft.iron_door":2,"stat.pickup.minecraft.wheat_seeds":9,"stat.mineBlock.minecraft.leaves":35,"stat.mineBlock.minecraft.sand":4,"stat.playOneMinute":45156,"stat.craftItem.toughasnails.campfire":1,"stat.sneakTime":1079,"stat.useItem.minecraft.stone_sword":50,"stat.damageDealt":1995,"stat.timeSinceDeath":2563,"stat.pickup.minecraft.iron_bars":1,"stat.useItem.minecraft.wooden_axe":35,"stat.mineBlock.minecraft.dirt":5,"stat.mineBlock.minecraft.tallgrass":74,"stat.diveOneCm":352,"stat.useItem.minecraft.iron_door":1}