{"stat.pickup.minecraft.bone":6,"stat.leaveGame":2,"stat.craftItem.minecraft.wool":7,"stat.mineBlock.minecraft.stained_glass_pane":7,"stat.mineBlock.minecraft.stained_glass":10,"stat.swimOneCm":678,"stat.pickup.quark.glass_shards":31,"stat.useItem.minecraft.planks":10,"stat.climbOneCm":17817,"stat.mineBlock.minecraft.web":8,"stat.useItem.minecraft.dirt":1,"stat.useItem.minecraft.stone_slab2":13,"stat.mineBlock.minecraft.red_mushroom":2,"stat.pickup.minecraft.sand":4,"stat.entityKilledBy.Spider":2,"stat.craftItem.minecraft.stone_axe":1,"stat.craftItem.minecraft.stone_pickaxe":1,"stat.pickup.minecraft.cobblestone":20,"stat.craftItem.minecraft.stone_sword":1,"stat.flyOneCm":67528,"stat.mineBlock.minecraft.sand":4,"stat.craftItem.toughasnails.campfire":1,"stat.timeSinceDeath":6264,"stat.pickup.minecraft.stained_hardened_clay":118,"stat.useItem.minecraft.iron_door":1,"stat.craftItem.minecraft.bed":1,"stat.mineBlock.minecraft.vine":1,"stat.furnaceInteraction":3,"stat.craftItem.minecraft.stone_hoe":1,"stat.pickup.minecraft.string":15,"stat.mineBlock.minecraft.ladder":1,"stat.drop.minecraft.stained_hardened_clay":58,"stat.entityKilledBy.Skeleton":1,"stat.mineBlock.minecraft.stained_hardened_clay":73,"stat.sprintOneCm":82395,"stat.craftItem.minecraft.stick":52,"stat.craftItem.minecraft.wooden_axe":1,"stat.useItem.minecraft.wheat_seeds":13,"stat.mineBlock.minecraft.crafting_table":1,"stat.useItem.minecraft.dye":9,"stat.deaths":7,"stat.mineBlock.minecraft.planks":4,"stat.drop":1,"stat.playOneMinute":57031,"stat.craftItem.minecraft.dye":30,"stat.pickup.minecraft.iron_bars":1,"stat.mineBlock.minecraft.tallgrass":74,"stat.diveOneCm":352,"stat.pickup.minecraft.wheat":3,"stat.chestOpened":4,"stat.pickup.minecraft.arrow":5,"stat.useItem.minecraft.sand":9,"stat.jump":692,"stat.fallOneCm":11076,"stat.useItem.minecraft.stone_axe":6,"stat.craftItem.minecraft.bread":1,"stat.crouchOneCm":5069,"stat.pickup.minecraft.spider_eye":3,"stat.pickup.minecraft.dirt":5,"stat.pickup.minecraft.red_mushroom":3,"stat.craftingTableInteraction":17,"stat.mineBlock.minecraft.log2":5,"stat.damageTaken":1444,"stat.pickup.minecraft.log2":5,"stat.pickup.minecraft.planks":4,"stat.pickup.minecraft.wheat_seeds":16,"stat.useItem.minecraft.stone_pickaxe":74,"stat.useItem.minecraft.stone_sword":92,"stat.damageDealt":3695,"stat.sleepInBed":1,"stat.mineBlock.minecraft.dirt":5,"stat.walkOneCm":343668,"stat.useItem.minecraft.bread":1,"stat.useItem.minecraft.log":2,"stat.pickup.minecraft.crafting_table":1,"stat.useItem.minecraft.cobblestone":6,"stat.craftItem.minecraft.crafting_table":2,"stat.pickup.minecraft.log":15,"stat.useItem.minecraft.stained_hardened_clay":2,"stat.pickup.minecraft.sapling":1,"stat.mineBlock.overlast.red_leaves":4,"stat.killEntity.Skeleton":5,"stat.craftItem.spartanshields.shield_tower_wood":1,"stat.craftItem.minecraft.planks":56,"stat.killEntity.Spider":6,"stat.mobKills":22,"stat.pickup.minecraft.book":12,"stat.mineBlock.minecraft.log":8,"stat.mineBlock.minecraft.bookshelf":4,"stat.useItem.minecraft.stone_hoe":19,"stat.pickup.minecraft.iron_door":2,"stat.mineBlock.minecraft.leaves":35,"stat.pickup.minecraft.torch":1,"stat.sneakTime":1586,"stat.useItem.minecraft.wooden_axe":35}