{"stat.cakeSlicesEaten":6,"stat.useItem.minecraft.string":1,"stat.pickup.narutomod.chakra_blades":2,"stat.pickup.minecraft.bone":3,"stat.leaveGame":17,"stat.pickup.minecraft.stone_pickaxe":1,"stat.pickup.srparasites.infestedtrunk":1,"stat.pickup.minecraft.flint":1,"stat.mineBlock.srparasites.gore":45,"stat.entityKilledBy.tenten":1,"stat.mineBlock.charm.crate_sealed":1,"stat.swimOneCm":11569,"stat.pickup.quark.glass_shards":7,"stat.useItem.minecraft.planks":2,"stat.climbOneCm":6682,"stat.pickup.narutomod.team_scroll":1,"stat.pickup.narutomod.sharinganhelmet":1,"stat.useItem.minecraft.dirt":4,"stat.useItem.minecraft.stone_slab2":75,"stat.pickup.minecraft.bow":1,"stat.drop.narutomod.chakra_blades":1,"stat.pickup.minecraft.rotten_flesh":2,"stat.craftItem.minecraft.furnace":1,"stat.entityKilledBy.zabuza_momochi":1,"stat.craftItem.minecraft.stone_pickaxe":1,"stat.craftItem.minecraft.cooked_beef":3,"stat.pickup.minecraft.shears":1,"stat.pickup.minecraft.cobblestone":37,"stat.flyOneCm":900613,"stat.mineBlock.minecraft.sand":1,"stat.pickup.narutomod.kunai":3,"stat.useItem.minecraft.cooked_beef":16,"stat.craftItem.minecraft.cooked_fish":2,"stat.mineBlock.minecraft.iron_ore":26,"stat.timeSinceDeath":59413,"stat.craftItem.narutomod.shuriken":3,"stat.craftItem.minecraft.wooden_pickaxe":1,"stat.useItem.minecraft.iron_shovel":1,"stat.useItem.minecraft.potato":25,"stat.useItem.narutomod.chakrafruit":1,"stat.furnaceInteraction":37,"stat.pickup.minecraft.carpet":2,"stat.killEntity.ZombieVillager":1,"stat.pickup.srparasites.lurecomponent2":1,"stat.mineBlock.minecraft.coal_ore":3,"stat.mineBlock.futuremc.cornflower":1,"stat.pickup.srparasites.lurecomponent1":7,"stat.talkedToVillager":2,"stat.pickup.minecraft.string":5,"stat.drop.narutomod.team_scroll":1,"stat.pickup.minecraft.beef":11,"stat.useItem.minecraft.cooked_mutton":3,"stat.pickup.minecraft.furnace":1,"stat.useItem.charm.suspicious_soup":3,"stat.craftItem.minecraft.stone_slab2":0,"stat.pickup.srparasites.beckon_drop":1,"stat.sprintOneCm":277099,"stat.craftItem.minecraft.stick":40,"stat.mineBlock.overlast.yellow_leaves":5,"stat.craftItem.narutomod.chakra_blades":1,"stat.pickup.futuremc.lily_of_the_valley":1,"stat.useItem.minecraft.flint_and_steel":63,"stat.mineBlock.minecraft.crafting_table":2,"stat.useItem.minecraft.beef":1,"stat.mineBlock.minecraft.planks":1,"stat.deaths":20,"stat.pickup.minecraft.bowl":1,"stat.drop":12,"stat.playOneMinute":257613,"stat.killEntity.Zombie":4,"stat.pickup.minecraft.snowball":30,"stat.pickup.narutomod.ice_senbon":6,"stat.mineBlock.minecraft.tallgrass":101,"stat.diveOneCm":9348,"stat.pickup.minecraft.cooked_mutton":3,"stat.pickup.minecraft.wheat":1,"stat.chestOpened":42,"stat.drop.narutomod.biju_map":1,"stat.pickup.minecraft.gravel":4,"stat.drop.minecraft.cooked_beef":4,"stat.useItem.minecraft.apple":9,"stat.craftItem.minecraft.iron_nugget":9,"stat.jump":3298,"stat.pickup.minecraft.coal":5,"stat.fallOneCm":133133,"stat.pickup.minecraft.iron_ingot":58,"stat.craftItem.narutomod.kunai":3,"stat.drop.narutomod.ice_senbon":5,"stat.crouchOneCm":29226,"stat.craftItem.minecraft.torch":12,"stat.craftItem.minecraft.iron_ingot":19,"stat.craftItem.minecraft.chest":1,"stat.pickup.minecraft.dirt":64,"stat.craftingTableInteraction":19,"stat.pickup.minecraft.iron_ore":21,"stat.craftItem.minecraft.flint_and_steel":1,"stat.useItem.narutomod.military_rations_pill_gold":2,"stat.mineBlock.minecraft.glass_pane":2,"stat.damageTaken":16058,"stat.pickup.minecraft.leather":2,"stat.mineBlock.minecraft.torch":4,"stat.mineBlock.minecraft.furnace":1,"stat.mineBlock.minecraft.red_flower":1,"stat.useItem.minecraft.wooden_pickaxe":43,"stat.useItem.narutomod.chakra_blades":216,"stat.pickup.srparasites.ada_yelloweye_drop":1,"stat.pickup.srparasites.assimilated_flesh":35,"stat.pickup.minecraft.planks":4,"stat.pickup.minecraft.reeds":5,"stat.pickup.minecraft.bed":9,"stat.pickup.minecraft.wheat_seeds":15,"stat.pickup.srparasites.canisteractive":2,"stat.mineBlock.minecraft.gravel":6,"stat.useItem.minecraft.stone_pickaxe":91,"stat.damageDealt":9841,"stat.craftItem.minecraft.glass":1,"stat.sleepInBed":18,"stat.craftItem.minecraft.baked_potato":7,"stat.killEntity.Cow":8,"stat.mineBlock.minecraft.dirt":20,"stat.killEntity.Pig":1,"stat.walkOneCm":873865,"stat.useItem.minecraft.torch":8,"stat.playerKills":1,"stat.pickup.minecraft.stick":4,"stat.pickup.minecraft.iron_nugget":3,"stat.pickup.minecraft.crafting_table":2,"stat.useItem.minecraft.cobblestone":6,"stat.craftItem.minecraft.crafting_table":2,"stat.mineBlock.minecraft.double_plant":7,"stat.craftItem.narutomod.team_scroll":2,"stat.pickup.minecraft.iron_hoe":1,"stat.pickup.minecraft.log":12,"stat.useItem.minecraft.cooked_fish":6,"stat.pickup.narutomod.shuriken":5,"stat.pickup.minecraft.stone":7,"stat.mineBlock.srparasites.infestedtrunk":1,"stat.mineBlock.minecraft.wool":19,"stat.pickup.minecraft.sapling":2,"stat.pickup.minecraft.wooden_door":1,"stat.pickup.minecraft.cooked_beef":1,"stat.pickup.minecraft.apple":1,"stat.mineBlock.overlast.red_leaves":4,"stat.killEntity.Skeleton":1,"stat.useItem.narutomod.ice_senbon":4,"stat.craftItem.minecraft.bucket":1,"stat.craftItem.minecraft.planks":48,"stat.mobKills":70,"stat.mineBlock.minecraft.log":11,"stat.mineBlock.minecraft.leaves":17,"stat.pickup.minecraft.torch":14,"stat.mineBlock.srparasites.parasitecanister":1,"stat.pickup.minecraft.red_flower":1,"stat.sneakTime":7211,"stat.pickup.minecraft.wool":21,"stat.useItem.minecraft.baked_potato":7,"stat.useItem.narutomod.military_rations_pill":4,"stat.pickup.minecraft.cooked_fish":4,"stat.pickup.minecraft.yellow_flower":3,"stat.useItem.narutomod.black_receiver":28,"stat.mineBlock.minecraft.stone":17}