{"stat.chestOpened":10,"stat.drop.narutomod.kunai":1,"stat.walkOneCm":93668,"stat.pickup.minecraft.stick":2,"stat.leaveGame":2,"stat.mineBlock.minecraft.double_plant":1,"stat.mineBlock.minecraft.deadbush":1,"stat.drop.narutomod.shuriken":1,"stat.mineBlock.minecraft.stained_glass_pane":5,"stat.jump":772,"stat.swimOneCm":890,"stat.pickup.quark.glass_shards":3,"stat.fallOneCm":20449,"stat.climbOneCm":9176,"stat.crouchOneCm":796,"stat.pickup.minecraft.sapling":1,"stat.sprintOneCm":102970,"stat.useItem.minecraft.stone_slab2":74,"stat.useItem.minecraft.water_bucket":2,"stat.useItem.minecraft.stone_slab":14,"stat.mineBlock.minecraft.glass_pane":1,"stat.damageTaken":708,"stat.mobKills":2,"stat.flyOneCm":388266,"stat.deaths":1,"stat.drop":2,"stat.pickup.minecraft.quartz_block":1,"stat.pickup.narutomod.kunai":1,"stat.playOneMinute":42464,"stat.pickup.minecraft.torch":1,"stat.sneakTime":839,"stat.pickup.minecraft.wool":3,"stat.damageDealt":245,"stat.timeSinceDeath":40270,"stat.pickup.minecraft.iron_bars":1,"stat.pickup.minecraft.stone_slab":2,"stat.pickup.minecraft.stained_hardened_clay":1,"stat.mineBlock.minecraft.tallgrass":4,"stat.pickup.minecraft.mutton":3,"stat.diveOneCm":192}