{"stat.pickup.minecraft.bone":16,"stat.pickup.narutomod.scroll_karasu":1,"stat.leaveGame":6,"stat.mineBlock.srparasites.gore":13,"stat.craftItem.minecraft.wool":3,"stat.drop.narutomod.shuriken":1,"stat.mineBlock.minecraft.stained_glass_pane":5,"stat.mineBlock.minecraft.stained_glass":23,"stat.useItem.minecraft.mutton":4,"stat.swimOneCm":2298,"stat.pickup.quark.glass_shards":91,"stat.drop.quark.glass_shards":2,"stat.climbOneCm":22424,"stat.useItem.minecraft.planks":36,"stat.pickup.minecraft.enchanted_book":1,"stat.pickup.minecraft.porkchop":10,"stat.useItem.minecraft.dirt":2,"stat.useItem.minecraft.stone_slab2":80,"stat.pickup.minecraft.bow":1,"stat.mineBlock.minecraft.red_mushroom":6,"stat.mineBlock.minecraft.stone_brick_stairs":2,"stat.craftItem.minecraft.furnace":1,"stat.entityKilledBy.Spider":2,"stat.craftItem.minecraft.stone_axe":1,"stat.craftItem.minecraft.stone_pickaxe":1,"stat.pickup.minecraft.cobblestone":19,"stat.pickup.minecraft.quartz_stairs":2,"stat.flyOneCm":322354,"stat.pickup.narutomod.kunai":1,"stat.pickup.quark.rune":2,"stat.drop.minecraft.wheat_seeds":1,"stat.pickup.quark.tallow":18,"stat.mineBlock.minecraft.iron_ore":6,"stat.timeSinceDeath":5593,"stat.craftItem.narutomod.shuriken":3,"stat.drop.narutomod.scroll_karasu":1,"stat.pickup.minecraft.stained_hardened_clay":1,"stat.craftItem.minecraft.wooden_pickaxe":1,"stat.pickup.minecraft.mutton":4,"stat.craftItem.minecraft.birch_door":3,"stat.craftItem.minecraft.bed":1,"stat.pickup.minecraft.stonebrick":90,"stat.furnaceInteraction":15,"stat.useItem.minecraft.cooked_porkchop":1,"stat.mineBlock.minecraft.coal_ore":3,"stat.pickup.srparasites.lurecomponent1":2,"stat.killEntity.Creeper":1,"stat.pickup.minecraft.string":2,"stat.pickup.minecraft.beef":6,"stat.pickup.minecraft.furnace":1,"stat.entityKilledBy.Skeleton":1,"stat.craftItem.minecraft.stone_slab2":0,"stat.mineBlock.minecraft.stained_hardened_clay":2,"stat.sprintOneCm":202893,"stat.mineBlock.minecraft.stone_slab":3,"stat.craftItem.minecraft.stick":48,"stat.useItem.minecraft.stone_slab":4,"stat.mineBlock.overlast.yellow_leaves":3,"stat.entityKilledBy.kisame_hoshigaki":1,"stat.mineBlock.minecraft.crafting_table":1,"stat.mineBlock.minecraft.quartz_block":2,"stat.deaths":21,"stat.mineBlock.minecraft.planks":9,"stat.drop":14,"stat.playOneMinute":116145,"stat.killEntity.Sheep":3,"stat.killEntity.Zombie":1,"stat.craftItem.minecraft.dye":3,"stat.mineBlock.minecraft.tallgrass":8,"stat.diveOneCm":8470,"stat.pickup.minecraft.wheat":2,"stat.chestOpened":22,"stat.drop.narutomod.kunai":1,"stat.pickup.minecraft.arrow":6,"stat.craftItem.minecraft.cooked_porkchop":8,"stat.mineBlock.minecraft.ice":1,"stat.drop.minecraft.cooked_porkchop":5,"stat.pickup.minecraft.stone_brick_stairs":2,"stat.craftItem.minecraft.iron_nugget":9,"stat.jump":1605,"stat.pickup.minecraft.coal":3,"stat.fallOneCm":76004,"stat.pickup.minecraft.iron_ingot":6,"stat.craftItem.narutomod.kunai":3,"stat.useItem.minecraft.stone_axe":78,"stat.pickup.minecraft.gunpowder":1,"stat.crouchOneCm":8830,"stat.mineBlock.minecraft.chest":1,"stat.pickup.minecraft.spider_eye":1,"stat.craftItem.minecraft.torch":8,"stat.craftItem.minecraft.iron_ingot":6,"stat.craftItem.minecraft.chest":1,"stat.pickup.minecraft.dirt":5,"stat.pickup.minecraft.red_mushroom":12,"stat.craftingTableInteraction":16,"stat.pickup.minecraft.iron_ore":6,"stat.pickup.minecraft.wooden_pickaxe":1,"stat.damageTaken":5617,"stat.mineBlock.minecraft.torch":3,"stat.mineBlock.minecraft.furnace":1,"stat.useItem.minecraft.wooden_pickaxe":7,"stat.pickup.srparasites.assimilated_flesh":2,"stat.pickup.minecraft.planks":17,"stat.pickup.narutomod.scroll_sanshouo":1,"stat.craftItem.minecraft.birch_fence":54,"stat.pickup.minecraft.wheat_seeds":1,"stat.useItem.minecraft.birch_fence":53,"stat.pickup.minecraft.quartz_block":2,"stat.useItem.minecraft.stone_pickaxe":127,"stat.mineBlock.minecraft.glass":4,"stat.damageDealt":5081,"stat.sleepInBed":4,"stat.mineBlock.minecraft.dirt":3,"stat.killEntity.Pig":5,"stat.walkOneCm":433982,"stat.useItem.minecraft.torch":6,"stat.pickup.minecraft.brewing_stand":2,"stat.pickup.minecraft.stick":4,"stat.pickup.minecraft.iron_nugget":4,"stat.pickup.narutomod.scroll_hiding_in_mist":1,"stat.pickup.minecraft.crafting_table":1,"stat.craftItem.minecraft.crafting_table":2,"stat.mineBlock.overlast.orange_leaves":4,"stat.pickup.minecraft.log":20,"stat.pickup.narutomod.shuriken":1,"stat.pickup.minecraft.sapling":4,"stat.pickup.minecraft.ladder":1,"stat.useItem.minecraft.birch_door":2,"stat.mineBlock.overlast.red_leaves":5,"stat.killEntity.Skeleton":7,"stat.mineBlock.minecraft.stonebrick":91,"stat.craftItem.minecraft.planks":216,"stat.killEntity.Spider":1,"stat.pickup.minecraft.bread":1,"stat.mobKills":54,"stat.drop.narutomod.scroll_hiding_in_mist":2,"stat.useItem.minecraft.stonebrick":13,"stat.mineBlock.minecraft.log":20,"stat.mineBlock.minecraft.leaves":6,"stat.pickup.minecraft.torch":4,"stat.pickup.minecraft.red_flower":1,"stat.sneakTime":2689,"stat.pickup.minecraft.wool":6,"stat.drop.narutomod.scroll_sanshouo":1,"stat.pickup.minecraft.stone_slab":7,"stat.mineBlock.minecraft.stone":14,"stat.pickup.minecraft.chest":1}