{"stat.chestOpened":14,"stat.drop.narutomod.kunai":1,"stat.walkOneCm":311530,"stat.pickup.minecraft.bone":9,"stat.pickup.minecraft.stick":2,"stat.leaveGame":2,"stat.pickup.minecraft.arrow":9,"stat.pickup.minecraft.stonebrick":1,"stat.pickup.narutomod.ninjutsu":1,"stat.mineBlock.minecraft.double_plant":1,"stat.mineBlock.minecraft.deadbush":1,"stat.useItem.narutomod.whitezetsuflesh":1,"stat.mineBlock.srparasites.gore":6,"stat.pickup.narutomod.doton":1,"stat.mineBlock.srparasites.canisteractive":1,"stat.pickup.srparasites.lurecomponent1":12,"stat.killEntity.Creeper":2,"stat.talkedToVillager":1,"stat.drop.narutomod.shuriken":1,"stat.pickup.minecraft.string":1,"stat.mineBlock.minecraft.stained_glass_pane":8,"stat.mineBlock.minecraft.stained_glass":4,"stat.jump":1831,"stat.swimOneCm":12292,"stat.pickup.quark.glass_shards":6,"stat.mineBlock.minecraft.ladder":1,"stat.fallOneCm":57411,"stat.climbOneCm":18112,"stat.crouchOneCm":7013,"stat.pickup.minecraft.sapling":1,"stat.pickup.minecraft.dirt":1,"stat.mineBlock.minecraft.stained_hardened_clay":7,"stat.sprintOneCm":235672,"stat.useItem.minecraft.stone_slab2":79,"stat.useItem.minecraft.water_bucket":2,"stat.pickup.minecraft.rotten_flesh":7,"stat.killEntity.Skeleton":12,"stat.useItem.minecraft.stone_slab":15,"stat.pickup.narutomod.raiton":1,"stat.useItem.narutomod.military_rations_pill_gold":1,"stat.mineBlock.minecraft.stonebrick":1,"stat.mineBlock.nocubessrpnests.nestegg":11,"stat.mineBlock.minecraft.glass_pane":5,"stat.damageTaken":4948,"stat.killEntity.Spider":10,"stat.pickup.srparasites.ada_manducater_drop":1,"stat.mobKills":99,"stat.pickup.narutomod.suiton":1,"stat.pickup.srparasites.assimilated_flesh":8,"stat.flyOneCm":709532,"stat.deaths":4,"stat.drop":3,"stat.pickup.minecraft.quartz_block":1,"stat.pickup.minecraft.iron_door":1,"stat.mineBlock.minecraft.leaves":6,"stat.mineBlock.minecraft.sand":6,"stat.pickup.narutomod.kunai":1,"stat.playOneMinute":103664,"stat.pickup.minecraft.fish":2,"stat.pickup.minecraft.torch":1,"stat.mineBlock.minecraft.glass":7,"stat.sneakTime":1823,"stat.useItem.narutomod.zabuza_sword":203,"stat.pickup.minecraft.wool":3,"stat.killEntity.Villager":1,"stat.damageDealt":16212,"stat.useItem.minecraft.wool":1,"stat.killEntity.Zombie":13,"stat.timeSinceDeath":6341,"stat.pickup.minecraft.iron_bars":1,"stat.drop.minecraft.bread":1,"stat.pickup.minecraft.stone_slab":2,"stat.mineBlock.minecraft.dirt":3,"stat.pickup.minecraft.stained_hardened_clay":4,"stat.mineBlock.minecraft.stone":2,"stat.mineBlock.minecraft.tallgrass":4,"stat.pickup.minecraft.mutton":3,"stat.diveOneCm":22632}