{"stat.chestOpened":11,"stat.drop.narutomod.kunai":1,"stat.walkOneCm":110165,"stat.pickup.minecraft.stick":2,"stat.leaveGame":2,"stat.mineBlock.minecraft.double_plant":1,"stat.mineBlock.minecraft.deadbush":1,"stat.useItem.narutomod.whitezetsuflesh":1,"stat.pickup.srparasites.lurecomponent1":1,"stat.killEntity.Creeper":1,"stat.drop.narutomod.shuriken":1,"stat.mineBlock.minecraft.stained_glass_pane":5,"stat.jump":940,"stat.swimOneCm":4031,"stat.pickup.quark.glass_shards":3,"stat.fallOneCm":23135,"stat.climbOneCm":9176,"stat.crouchOneCm":796,"stat.pickup.minecraft.sapling":1,"stat.sprintOneCm":110891,"stat.useItem.minecraft.stone_slab2":79,"stat.useItem.minecraft.water_bucket":2,"stat.pickup.minecraft.rotten_flesh":1,"stat.useItem.minecraft.stone_slab":15,"stat.mineBlock.minecraft.glass_pane":1,"stat.damageTaken":2940,"stat.mobKills":10,"stat.pickup.srparasites.assimilated_flesh":1,"stat.flyOneCm":443310,"stat.deaths":2,"stat.drop":2,"stat.pickup.minecraft.quartz_block":1,"stat.pickup.narutomod.kunai":1,"stat.playOneMinute":55064,"stat.pickup.minecraft.torch":1,"stat.sneakTime":956,"stat.useItem.narutomod.zabuza_sword":9,"stat.pickup.minecraft.wool":3,"stat.damageDealt":1543,"stat.useItem.minecraft.wool":1,"stat.killEntity.Zombie":2,"stat.timeSinceDeath":7545,"stat.pickup.minecraft.iron_bars":1,"stat.pickup.minecraft.stone_slab":2,"stat.pickup.minecraft.stained_hardened_clay":1,"stat.mineBlock.minecraft.tallgrass":4,"stat.pickup.minecraft.mutton":3,"stat.diveOneCm":8961}