{"stat.chestOpened":12,"stat.drop.narutomod.kunai":1,"stat.walkOneCm":167217,"stat.pickup.minecraft.bone":4,"stat.pickup.minecraft.stick":2,"stat.leaveGame":2,"stat.pickup.minecraft.arrow":2,"stat.pickup.minecraft.stonebrick":1,"stat.mineBlock.minecraft.double_plant":1,"stat.mineBlock.minecraft.deadbush":1,"stat.useItem.narutomod.whitezetsuflesh":1,"stat.mineBlock.srparasites.gore":1,"stat.pickup.srparasites.lurecomponent1":5,"stat.killEntity.Creeper":1,"stat.drop.narutomod.shuriken":1,"stat.pickup.minecraft.string":1,"stat.mineBlock.minecraft.stained_glass_pane":8,"stat.mineBlock.minecraft.stained_glass":2,"stat.jump":1184,"stat.swimOneCm":6984,"stat.pickup.quark.glass_shards":6,"stat.mineBlock.minecraft.ladder":1,"stat.fallOneCm":29854,"stat.climbOneCm":14542,"stat.crouchOneCm":796,"stat.pickup.minecraft.sapling":1,"stat.pickup.minecraft.dirt":1,"stat.mineBlock.minecraft.stained_hardened_clay":2,"stat.sprintOneCm":149026,"stat.useItem.minecraft.stone_slab2":79,"stat.useItem.minecraft.water_bucket":2,"stat.pickup.minecraft.rotten_flesh":5,"stat.killEntity.Skeleton":3,"stat.useItem.minecraft.stone_slab":15,"stat.mineBlock.minecraft.stonebrick":1,"stat.mineBlock.nocubessrpnests.nestegg":1,"stat.mineBlock.minecraft.glass_pane":1,"stat.damageTaken":3115,"stat.killEntity.Spider":5,"stat.mobKills":34,"stat.pickup.srparasites.assimilated_flesh":1,"stat.flyOneCm":495721,"stat.deaths":2,"stat.drop":2,"stat.pickup.minecraft.quartz_block":1,"stat.mineBlock.minecraft.leaves":5,"stat.pickup.narutomod.kunai":1,"stat.playOneMinute":66764,"stat.pickup.minecraft.torch":1,"stat.sneakTime":956,"stat.useItem.narutomod.zabuza_sword":52,"stat.pickup.minecraft.wool":3,"stat.damageDealt":5482,"stat.useItem.minecraft.wool":1,"stat.killEntity.Zombie":8,"stat.timeSinceDeath":19245,"stat.pickup.minecraft.iron_bars":1,"stat.pickup.minecraft.stone_slab":2,"stat.mineBlock.minecraft.dirt":2,"stat.pickup.minecraft.stained_hardened_clay":1,"stat.mineBlock.minecraft.tallgrass":4,"stat.pickup.minecraft.mutton":3,"stat.diveOneCm":16996}