{"stat.chestOpened":10,"stat.drop.narutomod.kunai":1,"stat.walkOneCm":64126,"stat.pickup.minecraft.stick":2,"stat.mineBlock.minecraft.glass_pane":1,"stat.damageTaken":578,"stat.mineBlock.minecraft.double_plant":1,"stat.mineBlock.minecraft.deadbush":1,"stat.mobKills":1,"stat.drop.narutomod.shuriken":1,"stat.mineBlock.minecraft.stained_glass_pane":5,"stat.flyOneCm":305571,"stat.deaths":1,"stat.drop":2,"stat.pickup.minecraft.quartz_block":1,"stat.jump":675,"stat.swimOneCm":890,"stat.pickup.narutomod.kunai":1,"stat.pickup.quark.glass_shards":3,"stat.playOneMinute":31495,"stat.fallOneCm":17923,"stat.climbOneCm":7944,"stat.sneakTime":362,"stat.pickup.minecraft.wool":2,"stat.damageDealt":137,"stat.crouchOneCm":301,"stat.timeSinceDeath":29301,"stat.pickup.minecraft.iron_bars":1,"stat.pickup.minecraft.sapling":1,"stat.sprintOneCm":78546,"stat.mineBlock.minecraft.tallgrass":4,"stat.pickup.minecraft.mutton":3,"stat.diveOneCm":192}