{"stat.pickup.minecraft.double_plant":1,"stat.walkOneCm":90647,"stat.pickup.narutomod.byakuganhelmet":1,"stat.leaveGame":1,"stat.killEntity.Slime":14,"stat.mineBlock.minecraft.ice":2,"stat.pickup.minecraft.stonebrick":1,"stat.craftItem.minecraft.crafting_table":2,"stat.pickup.srparasites.lurecomponent1":1,"stat.useItem.minecraft.porkchop":2,"stat.pickup.minecraft.log":10,"stat.pickup.minecraft.string":9,"stat.useItem.minecraft.rotten_flesh":3,"stat.mineBlock.minecraft.stained_glass_pane":3,"stat.swimOneCm":1549,"stat.jump":534,"stat.pickup.quark.glass_shards":5,"stat.climbOneCm":2204,"stat.fallOneCm":8558,"stat.mineBlock.minecraft.web":3,"stat.pickup.minecraft.porkchop":2,"stat.crouchOneCm":326,"stat.pickup.minecraft.spider_eye":3,"stat.useItem.minecraft.stained_hardened_clay":2,"stat.pickup.minecraft.sapling":1,"stat.mineBlock.minecraft.stained_hardened_clay":1,"stat.sprintOneCm":51629,"stat.useItem.minecraft.stone_slab2":6,"stat.craftItem.minecraft.stick":8,"stat.drop.minecraft.slime_ball":2,"stat.craftingTableInteraction":1,"stat.pickup.minecraft.rotten_flesh":12,"stat.useItem.minecraft.stone_slab":1,"stat.mineBlock.minecraft.iron_bars":1,"stat.entityKilledBy.Spider":2,"stat.mineBlock.minecraft.stonebrick":1,"stat.craftItem.minecraft.planks":40,"stat.mineBlock.minecraft.glass_pane":1,"stat.killEntity.Spider":4,"stat.damageTaken":1040,"stat.pickup.minecraft.cobblestone_wall":1,"stat.useItem.minecraft.wooden_pickaxe":18,"stat.mobKills":25,"stat.craftItem.minecraft.wooden_sword":1,"stat.mineBlock.minecraft.log":10,"stat.flyOneCm":108599,"stat.deaths":5,"stat.drop":2,"stat.pickup.minecraft.quartz_block":1,"stat.mineBlock.minecraft.leaves":6,"stat.pickup.narutomod.kunai":1,"stat.playOneMinute":34647,"stat.useItem.minecraft.wooden_sword":74,"stat.entityKilledBy.Zombie":1,"stat.mineBlock.minecraft.glass":2,"stat.sneakTime":172,"stat.pickup.minecraft.slime_ball":8,"stat.pickup.quark.tallow":4,"stat.mineBlock.minecraft.cobblestone_wall":1,"stat.damageDealt":2606,"stat.killEntity.Zombie":5,"stat.timeSinceDeath":1654,"stat.pickup.minecraft.stone_slab":3,"stat.pickup.minecraft.stained_hardened_clay":4,"stat.craftItem.minecraft.wooden_pickaxe":1,"stat.killEntity.Pig":2,"stat.mineBlock.minecraft.tallgrass":2,"stat.diveOneCm":1106}