{"stat.pickup.minecraft.rotten_flesh":2,"stat.walkOneCm":29509,"stat.entityKilledBy.Spider":1,"stat.pickup.narutomod.byakuganhelmet":1,"stat.craftItem.minecraft.planks":40,"stat.damageTaken":316,"stat.killEntity.Spider":1,"stat.mineBlock.minecraft.ice":2,"stat.craftItem.minecraft.crafting_table":1,"stat.mobKills":2,"stat.craftItem.minecraft.wooden_sword":1,"stat.mineBlock.minecraft.log":10,"stat.pickup.srparasites.lurecomponent1":1,"stat.pickup.minecraft.log":10,"stat.pickup.minecraft.string":4,"stat.flyOneCm":50678,"stat.deaths":2,"stat.jump":246,"stat.swimOneCm":930,"stat.mineBlock.minecraft.leaves":3,"stat.pickup.narutomod.kunai":1,"stat.playOneMinute":19164,"stat.fallOneCm":3431,"stat.useItem.minecraft.wooden_sword":17,"stat.climbOneCm":788,"stat.mineBlock.minecraft.web":3,"stat.sneakTime":132,"stat.damageDealt":494,"stat.crouchOneCm":138,"stat.killEntity.Zombie":1,"stat.timeSinceDeath":3451,"stat.pickup.minecraft.spider_eye":1,"stat.pickup.minecraft.sapling":1,"stat.sprintOneCm":16386,"stat.useItem.minecraft.stone_slab2":1,"stat.craftItem.minecraft.wooden_pickaxe":1,"stat.diveOneCm":1106,"stat.craftItem.minecraft.stick":8,"stat.craftingTableInteraction":1}