{"stat.pickup.minecraft.bone":4,"stat.pickup.narutomod.scroll_karasu":2,"stat.leaveGame":7,"stat.mineBlock.minecraft.cobblestone":1,"stat.mineBlock.minecraft.yellow_flower":1,"stat.mineBlock.srparasites.gore":26,"stat.mineBlock.minecraft.stained_glass_pane":2,"stat.mineBlock.minecraft.stained_glass":3,"stat.pickup.srparasites.parasitecanister":3,"stat.swimOneCm":1779,"stat.pickup.quark.glass_shards":45,"stat.useItem.minecraft.planks":18,"stat.climbOneCm":12026,"stat.mineBlock.minecraft.web":4,"stat.pickup.minecraft.cooked_porkchop":3,"stat.pickup.minecraft.porkchop":8,"stat.useItem.minecraft.stone_slab2":9,"stat.pickup.minecraft.bow":1,"stat.pickup.minecraft.rotten_flesh":8,"stat.pickup.minecraft.cobblestone_wall":1,"stat.craftItem.minecraft.stone_pickaxe":1,"stat.pickup.minecraft.cobblestone":43,"stat.pickup.minecraft.quartz_stairs":2,"stat.craftItem.minecraft.stone_sword":3,"stat.flyOneCm":143572,"stat.timeSinceDeath":619,"stat.drop.narutomod.scroll_karasu":1,"stat.pickup.minecraft.stained_hardened_clay":5,"stat.craftItem.minecraft.wooden_pickaxe":1,"stat.pickup.minecraft.double_plant":9,"stat.furnaceInteraction":2,"stat.useItem.minecraft.cooked_porkchop":3,"stat.pickup.srparasites.lurecomponent3":1,"stat.pickup.srparasites.lurecomponent1":14,"stat.killEntity.Creeper":1,"stat.pickup.minecraft.string":6,"stat.pickup.minecraft.beef":8,"stat.entityKilledBy.Skeleton":1,"stat.mineBlock.minecraft.stained_hardened_clay":3,"stat.sprintOneCm":146282,"stat.mineBlock.minecraft.stone_slab":1,"stat.craftItem.minecraft.stick":20,"stat.craftItem.minecraft.wooden_axe":1,"stat.pickup.narutomod.scroll_puppet":1,"stat.pickup.futuremc.lily_of_the_valley":1,"stat.mineBlock.minecraft.quartz_block":1,"stat.useItem.minecraft.beef":7,"stat.mineBlock.minecraft.planks":3,"stat.deaths":9,"stat.drop":2,"stat.playOneMinute":78402,"stat.killEntity.Zombie":1,"stat.mineBlock.minecraft.tallgrass":2,"stat.diveOneCm":2316,"stat.chestOpened":4,"stat.pickup.minecraft.arrow":4,"stat.useItem.minecraft.rotten_flesh":8,"stat.jump":725,"stat.fallOneCm":35806,"stat.crouchOneCm":9503,"stat.pickup.minecraft.dirt":1,"stat.mineBlock.futuremc.lily_of_the_valley":1,"stat.craftingTableInteraction":5,"stat.damageTaken":2177,"stat.pickup.minecraft.leather":6,"stat.mineBlock.minecraft.red_flower":5,"stat.useItem.minecraft.wooden_pickaxe":17,"stat.pickup.srparasites.assimilated_flesh":5,"stat.pickup.minecraft.dye":3,"stat.pickup.minecraft.planks":2,"stat.pickup.minecraft.reeds":2,"stat.pickup.narutomod.scroll_sanshouo":2,"stat.pickup.minecraft.wheat_seeds":2,"stat.pickup.minecraft.quartz_block":1,"stat.pickup.srparasites.canisteractive":1,"stat.useItem.minecraft.stone_pickaxe":23,"stat.useItem.minecraft.stone_sword":275,"stat.damageDealt":10309,"stat.sleepInBed":2,"stat.killEntity.Cow":4,"stat.mineBlock.minecraft.dirt":1,"stat.walkOneCm":281254,"stat.playerKills":3,"stat.useItem.minecraft.cobblestone":33,"stat.craftItem.minecraft.crafting_table":1,"stat.mineBlock.minecraft.double_plant":3,"stat.mineBlock.srparasites.canisteractive":1,"stat.pickup.minecraft.log":9,"stat.useItem.minecraft.stained_hardened_clay":1,"stat.pickup.minecraft.sapling":1,"stat.pickup.srparasites.bone":1,"stat.killEntity.Skeleton":5,"stat.craftItem.minecraft.planks":36,"stat.mobKills":64,"stat.mineBlock.minecraft.log":9,"stat.pickup.minecraft.torch":1,"stat.mineBlock.srparasites.parasitecanister":3,"stat.pickup.minecraft.red_flower":5,"stat.sneakTime":3383,"stat.drop.narutomod.scroll_sanshouo":1,"stat.useItem.minecraft.wooden_axe":37,"stat.pickup.minecraft.stone_slab":4,"stat.pickup.minecraft.yellow_flower":2,"stat.mineBlock.minecraft.stone":16}