{"stat.pickup.minecraft.double_plant":1,"stat.walkOneCm":82597,"stat.pickup.narutomod.byakuganhelmet":1,"stat.killEntity.Slime":14,"stat.mineBlock.minecraft.ice":2,"stat.pickup.minecraft.stonebrick":1,"stat.craftItem.minecraft.crafting_table":2,"stat.pickup.srparasites.lurecomponent1":1,"stat.useItem.minecraft.porkchop":2,"stat.pickup.minecraft.log":10,"stat.pickup.minecraft.string":5,"stat.useItem.minecraft.rotten_flesh":3,"stat.mineBlock.minecraft.stained_glass_pane":3,"stat.swimOneCm":1268,"stat.jump":492,"stat.climbOneCm":2204,"stat.fallOneCm":6073,"stat.mineBlock.minecraft.web":3,"stat.pickup.minecraft.porkchop":2,"stat.crouchOneCm":201,"stat.pickup.minecraft.spider_eye":2,"stat.useItem.minecraft.stained_hardened_clay":2,"stat.pickup.minecraft.sapling":1,"stat.mineBlock.minecraft.stained_hardened_clay":1,"stat.sprintOneCm":45216,"stat.useItem.minecraft.stone_slab2":6,"stat.craftItem.minecraft.stick":8,"stat.drop.minecraft.slime_ball":2,"stat.craftingTableInteraction":1,"stat.pickup.minecraft.rotten_flesh":9,"stat.useItem.minecraft.stone_slab":1,"stat.mineBlock.minecraft.iron_bars":1,"stat.entityKilledBy.Spider":2,"stat.mineBlock.minecraft.stonebrick":1,"stat.craftItem.minecraft.planks":40,"stat.mineBlock.minecraft.glass_pane":1,"stat.killEntity.Spider":2,"stat.damageTaken":751,"stat.pickup.minecraft.cobblestone_wall":1,"stat.useItem.minecraft.wooden_pickaxe":8,"stat.mobKills":23,"stat.craftItem.minecraft.wooden_sword":1,"stat.mineBlock.minecraft.log":10,"stat.flyOneCm":97903,"stat.deaths":4,"stat.drop":2,"stat.pickup.minecraft.quartz_block":1,"stat.mineBlock.minecraft.leaves":6,"stat.pickup.narutomod.kunai":1,"stat.playOneMinute":31764,"stat.useItem.minecraft.wooden_sword":74,"stat.entityKilledBy.Zombie":1,"stat.sneakTime":155,"stat.pickup.minecraft.slime_ball":8,"stat.pickup.quark.tallow":4,"stat.mineBlock.minecraft.cobblestone_wall":1,"stat.damageDealt":2436,"stat.killEntity.Zombie":5,"stat.timeSinceDeath":3319,"stat.pickup.minecraft.stone_slab":2,"stat.pickup.minecraft.stained_hardened_clay":4,"stat.craftItem.minecraft.wooden_pickaxe":1,"stat.killEntity.Pig":2,"stat.mineBlock.minecraft.tallgrass":2,"stat.diveOneCm":1106}