{"stat.chestOpened":1,"stat.pickup.minecraft.log":5,"stat.flyOneCm":35307,"stat.mineBlock.overlast.red_leaves":2,"stat.walkOneCm":33173,"stat.pickup.minecraft.wheat_seeds":1,"stat.jump":36,"stat.playOneMinute":8730,"stat.fallOneCm":627,"stat.climbOneCm":2439,"stat.craftItem.minecraft.planks":20,"stat.sneakTime":282,"stat.crouchOneCm":449,"stat.timeSinceDeath":8730,"stat.sprintOneCm":4936,"stat.mineBlock.minecraft.log":5,"stat.craftItem.minecraft.wooden_pickaxe":1,"stat.mineBlock.minecraft.tallgrass":2,"stat.craftItem.minecraft.stick":4,"stat.craftingTableInteraction":1}