{"stat.chestOpened":1,"stat.walkOneCm":59737,"stat.leaveGame":1,"stat.drop.minecraft.red_mushroom":4,"stat.pickup.minecraft.log":5,"stat.jump":292,"stat.swimOneCm":154,"stat.fallOneCm":5380,"stat.climbOneCm":6708,"stat.crouchOneCm":1955,"stat.pickup.minecraft.dirt":12,"stat.useItem.minecraft.dirt":7,"stat.sprintOneCm":27835,"stat.pickup.minecraft.red_mushroom":4,"stat.craftItem.minecraft.stick":4,"stat.mineBlock.minecraft.red_mushroom":5,"stat.craftingTableInteraction":3,"stat.mineBlock.overlast.red_leaves":2,"stat.pickup.minecraft.sand":1,"stat.craftItem.minecraft.planks":20,"stat.mineBlock.minecraft.log":5,"stat.flyOneCm":97874,"stat.pickup.minecraft.wheat_seeds":1,"stat.drop":1,"stat.mineBlock.minecraft.sand":1,"stat.playOneMinute":17056,"stat.sneakTime":688,"stat.timeSinceDeath":17056,"stat.mineBlock.minecraft.dirt":12,"stat.craftItem.minecraft.wooden_pickaxe":1,"stat.mineBlock.minecraft.tallgrass":2,"stat.diveOneCm":295}