{"stat.chestOpened":1,"stat.walkOneCm":169209,"stat.useItem.minecraft.torch":25,"stat.drop.minecraft.iron_bars":1,"stat.leaveGame":1,"stat.pickup.minecraft.crafting_table":1,"stat.pickup.minecraft.clay_ball":5,"stat.drop.minecraft.red_mushroom":4,"stat.craftItem.minecraft.crafting_table":1,"stat.furnaceInteraction":2,"stat.mineBlock.minecraft.coal_ore":25,"stat.pickup.minecraft.log":12,"stat.pickup.minecraft.string":1,"stat.jump":576,"stat.swimOneCm":1528,"stat.mineBlock.minecraft.ladder":2,"stat.pickup.minecraft.coal":25,"stat.fallOneCm":9987,"stat.climbOneCm":11224,"stat.pickup.minecraft.furnace":1,"stat.crouchOneCm":6921,"stat.craftItem.minecraft.torch":28,"stat.pickup.minecraft.cauldron":1,"stat.pickup.minecraft.dirt":12,"stat.useItem.minecraft.dirt":11,"stat.sprintOneCm":49519,"stat.pickup.minecraft.red_mushroom":4,"stat.useItem.minecraft.stone_slab2":9,"stat.pickup.minecraft.ladder":2,"stat.craftItem.minecraft.stick":20,"stat.mineBlock.minecraft.red_mushroom":5,"stat.craftItem.minecraft.wooden_axe":1,"stat.craftingTableInteraction":7,"stat.pickup.minecraft.iron_ore":3,"stat.mineBlock.overlast.red_leaves":2,"stat.pickup.minecraft.sand":1,"stat.mineBlock.minecraft.iron_bars":3,"stat.entityKilledBy.Spider":1,"stat.craftItem.minecraft.planks":20,"stat.damageTaken":330,"stat.mineBlock.minecraft.crafting_table":1,"stat.killEntity.Spider":2,"stat.useItem.minecraft.iron_ore":1,"stat.craftItem.minecraft.stone_pickaxe":1,"stat.mineBlock.minecraft.furnace":1,"stat.useItem.minecraft.wooden_pickaxe":31,"stat.pickup.minecraft.cobblestone":23,"stat.mobKills":10,"stat.mineBlock.minecraft.log":12,"stat.flyOneCm":133582,"stat.deaths":4,"stat.pickup.minecraft.wheat_seeds":3,"stat.drop":3,"stat.mineBlock.minecraft.sand":1,"stat.playOneMinute":41356,"stat.useItem.minecraft.stone_pickaxe":75,"stat.sneakTime":4317,"stat.damageDealt":2404,"stat.mineBlock.minecraft.iron_ore":3,"stat.killEntity.Zombie":5,"stat.timeSinceDeath":4182,"stat.pickup.minecraft.iron_bars":3,"stat.useItem.minecraft.wooden_axe":33,"stat.mineBlock.minecraft.dirt":12,"stat.drop.minecraft.log":7,"stat.craftItem.minecraft.wooden_pickaxe":1,"stat.mineBlock.minecraft.stone":15,"stat.mineBlock.minecraft.tallgrass":3,"stat.diveOneCm":5083}