{"stat.chestOpened":4,"stat.leaveGame":1,"stat.mineBlock.quark.variant_leaves":2,"stat.pickup.minecraft.arrow":3,"stat.craftItem.minecraft.cooked_porkchop":7,"stat.drop.minecraft.red_mushroom":4,"stat.mineBlock.srparasites.gore":8,"stat.useItem.minecraft.rotten_flesh":2,"stat.jump":1580,"stat.swimOneCm":24868,"stat.pickup.minecraft.coal":25,"stat.fallOneCm":24483,"stat.climbOneCm":18095,"stat.useItem.minecraft.planks":2,"stat.useItem.minecraft.stone_axe":2,"stat.pickup.minecraft.porkchop":7,"stat.crouchOneCm":21178,"stat.craftItem.minecraft.iron_ingot":3,"stat.craftItem.minecraft.torch":32,"stat.useItem.minecraft.dirt":16,"stat.pickup.minecraft.dirt":18,"stat.pickup.minecraft.red_mushroom":4,"stat.useItem.minecraft.stone_slab2":25,"stat.mineBlock.minecraft.red_mushroom":5,"stat.useItem.minecraft.water_bucket":9,"stat.craftingTableInteraction":14,"stat.pickup.minecraft.iron_ore":7,"stat.pickup.minecraft.rotten_flesh":2,"stat.pickup.minecraft.sand":1,"stat.boatOneCm":36712,"stat.mineBlock.minecraft.iron_bars":5,"stat.entityKilledBy.Spider":2,"stat.craftItem.minecraft.stone_axe":1,"stat.craftItem.minecraft.spruce_boat":1,"stat.damageTaken":2527,"stat.useItem.minecraft.iron_ore":1,"stat.craftItem.minecraft.stone_pickaxe":2,"stat.mineBlock.minecraft.furnace":3,"stat.mineBlock.minecraft.torch":1,"stat.useItem.minecraft.wooden_pickaxe":31,"stat.useItem.minecraft.furnace":2,"stat.pickup.minecraft.cobblestone":34,"stat.pickup.srparasites.assimilated_flesh":1,"stat.flyOneCm":286247,"stat.pickup.minecraft.wheat_seeds":3,"stat.mineBlock.minecraft.sand":1,"stat.useItem.minecraft.stone_pickaxe":197,"stat.pickup.quark.tallow":8,"stat.damageDealt":3926,"stat.mineBlock.minecraft.iron_ore":7,"stat.sleepInBed":3,"stat.timeSinceDeath":23888,"stat.mineBlock.minecraft.dirt":18,"stat.drop.minecraft.log":7,"stat.pickup.minecraft.stained_hardened_clay":149,"stat.craftItem.minecraft.wooden_pickaxe":1,"stat.killEntity.Pig":4,"stat.useItem.minecraft.iron_bars":1,"stat.walkOneCm":447824,"stat.useItem.minecraft.torch":29,"stat.pickup.minecraft.stick":7,"stat.drop.minecraft.iron_bars":1,"stat.pickup.minecraft.crafting_table":5,"stat.pickup.minecraft.clay_ball":5,"stat.useItem.minecraft.cobblestone":4,"stat.craftItem.minecraft.crafting_table":2,"stat.furnaceInteraction":16,"stat.useItem.minecraft.cooked_porkchop":7,"stat.killEntity.ZombieVillager":1,"stat.mineBlock.minecraft.coal_ore":25,"stat.useItem.minecraft.spruce_boat":4,"stat.pickup.minecraft.string":1,"stat.pickup.minecraft.log":15,"stat.mineBlock.minecraft.ladder":2,"stat.pickup.minecraft.furnace":3,"stat.entityKilledBy.Skeleton":3,"stat.craftItem.minecraft.stone_slab2":0,"stat.pickup.minecraft.cauldron":1,"stat.useItem.minecraft.stained_hardened_clay":144,"stat.mineBlock.minecraft.stained_hardened_clay":80,"stat.sprintOneCm":95481,"stat.pickup.minecraft.ladder":2,"stat.craftItem.minecraft.wooden_axe":1,"stat.craftItem.minecraft.stick":20,"stat.mineBlock.overlast.red_leaves":2,"stat.killEntity.Skeleton":1,"stat.craftItem.minecraft.bucket":1,"stat.craftItem.minecraft.planks":32,"stat.killEntity.Spider":4,"stat.mineBlock.minecraft.crafting_table":5,"stat.mobKills":19,"stat.mineBlock.minecraft.log":15,"stat.deaths":14,"stat.drop":3,"stat.mineBlock.minecraft.leaves":1,"stat.playOneMinute":101656,"stat.pickup.minecraft.torch":1,"stat.sneakTime":9522,"stat.pickup.minecraft.spruce_boat":4,"stat.killEntity.Zombie":6,"stat.pickup.minecraft.iron_bars":5,"stat.useItem.minecraft.wooden_axe":33,"stat.mineBlock.minecraft.stone":26,"stat.mineBlock.minecraft.tallgrass":8,"stat.diveOneCm":41839}