{"stat.chestOpened":1,"stat.walkOneCm":114420,"stat.useItem.minecraft.torch":17,"stat.leaveGame":1,"stat.pickup.minecraft.crafting_table":1,"stat.pickup.minecraft.clay_ball":5,"stat.drop.minecraft.red_mushroom":4,"stat.craftItem.minecraft.crafting_table":1,"stat.mineBlock.minecraft.coal_ore":25,"stat.pickup.minecraft.log":12,"stat.pickup.minecraft.string":1,"stat.jump":412,"stat.swimOneCm":1528,"stat.pickup.minecraft.coal":25,"stat.fallOneCm":8884,"stat.climbOneCm":10057,"stat.crouchOneCm":4848,"stat.craftItem.minecraft.torch":28,"stat.pickup.minecraft.dirt":12,"stat.useItem.minecraft.dirt":11,"stat.sprintOneCm":40128,"stat.pickup.minecraft.red_mushroom":4,"stat.useItem.minecraft.stone_slab2":4,"stat.craftItem.minecraft.stick":20,"stat.mineBlock.minecraft.red_mushroom":5,"stat.craftItem.minecraft.wooden_axe":1,"stat.craftingTableInteraction":5,"stat.pickup.minecraft.iron_ore":2,"stat.mineBlock.overlast.red_leaves":2,"stat.pickup.minecraft.sand":1,"stat.entityKilledBy.Spider":1,"stat.craftItem.minecraft.planks":20,"stat.damageTaken":280,"stat.mineBlock.minecraft.crafting_table":1,"stat.killEntity.Spider":1,"stat.craftItem.minecraft.stone_pickaxe":1,"stat.useItem.minecraft.wooden_pickaxe":8,"stat.pickup.minecraft.cobblestone":23,"stat.mobKills":2,"stat.mineBlock.minecraft.log":12,"stat.flyOneCm":114504,"stat.deaths":3,"stat.pickup.minecraft.wheat_seeds":1,"stat.drop":2,"stat.mineBlock.minecraft.sand":1,"stat.playOneMinute":29656,"stat.useItem.minecraft.stone_pickaxe":39,"stat.sneakTime":2038,"stat.damageDealt":553,"stat.mineBlock.minecraft.iron_ore":2,"stat.timeSinceDeath":797,"stat.useItem.minecraft.wooden_axe":33,"stat.mineBlock.minecraft.dirt":12,"stat.drop.minecraft.log":7,"stat.craftItem.minecraft.wooden_pickaxe":1,"stat.mineBlock.minecraft.stone":15,"stat.mineBlock.minecraft.tallgrass":3,"stat.diveOneCm":5083}