{"stat.pickup.narutomod.scroll_karasu":1,"stat.leaveGame":9,"stat.useItem.narutomod.whitezetsuflesh":1,"stat.drop.narutomod.shuriken":3,"stat.entityKilledBy.tenten":4,"stat.useItem.minecraft.mutton":1,"stat.pickup.srparasites.parasitecanister":2,"stat.useItem.minecraft.planks":275,"stat.pickup.narutomod.team_scroll":5,"stat.drop.minecraft.wooden_door":2,"stat.pickup.minecraft.porkchop":2,"stat.pickup.minecraft.rotten_flesh":15,"stat.pickup.minecraft.sand":167,"stat.entityKilledBy.Spider":1,"stat.craftItem.minecraft.stone_axe":3,"stat.mineBlock.nocubessrpnests.nestegg":1,"stat.pickup.minecraft.bucket":1,"stat.pickup.nocubessrpnests.neststonespikes":1,"stat.mineBlock.minecraft.snow_layer":3,"stat.pickup.minecraft.brown_mushroom":4,"stat.mineBlock.minecraft.sand":169,"stat.mineBlock.futuremc.stripped_oak_log":1,"stat.craftItem.minecraft.cooked_fish":4,"stat.pickup.quark.tallow":3,"stat.craftItem.minecraft.wooden_pickaxe":1,"stat.useItem.minecraft.iron_shovel":184,"stat.drop.minecraft.cooked_mutton":11,"stat.pickup.minecraft.double_plant":1,"stat.craftItem.minecraft.bed":1,"stat.furnaceInteraction":115,"stat.killEntity.ZombieVillager":1,"stat.pickup.srparasites.lurecomponent2":1,"stat.mineBlock.futuremc.cornflower":16,"stat.pickup.srparasites.lurecomponent3":1,"stat.pickup.srparasites.lurecomponent1":10,"stat.drop.minecraft.red_flower":11,"stat.drop.minecraft.stone_slab":1,"stat.drop.narutomod.team_scroll":1,"stat.pickup.minecraft.beef":37,"stat.useItem.minecraft.cooked_mutton":12,"stat.pickup.minecraft.furnace":3,"stat.pickup.futuremc.stripped_oak_log":1,"stat.pickup.minecraft.skull":1,"stat.pickup.futuremc.lily_of_the_valley":2,"stat.drop.minecraft.cooked_fish":4,"stat.useItem.minecraft.beef":2,"stat.deaths":54,"stat.pickup.minecraft.egg":1,"stat.playOneMinute":371498,"stat.craftItem.minecraft.wooden_shovel":1,"stat.drop.minecraft.string":2,"stat.pickup.minecraft.item_frame":9,"stat.drop.minecraft.torch":9,"stat.mineBlock.minecraft.tallgrass":195,"stat.craftItem.minecraft.cooked_mutton":17,"stat.pickup.minecraft.cooked_mutton":8,"stat.chestOpened":38,"stat.drop.narutomod.kunai":3,"stat.useItem.minecraft.stone":73,"stat.pickup.minecraft.iron_sword":1,"stat.mineBlock.minecraft.ice":21,"stat.craftItem.minecraft.coal":17,"stat.useItem.minecraft.experience_bottle":38,"stat.fallOneCm":173282,"stat.drop.minecraft.stone":2,"stat.pickup.minecraft.carrot":45,"stat.crouchOneCm":142140,"stat.mineBlock.minecraft.chest":2,"stat.craftItem.minecraft.chest":2,"stat.craftItem.minecraft.iron_ingot":11,"stat.pickup.minecraft.red_mushroom":3,"stat.mineBlock.futuremc.lily_of_the_valley":3,"stat.craftingTableInteraction":41,"stat.pickup.narutomod.biju_map":1,"stat.drop.minecraft.double_plant":1,"stat.useItem.minecraft.furnace":4,"stat.useItem.narutomod.chakra_blades":4,"stat.pickup.minecraft.planks":32,"stat.pickup.minecraft.wheat_seeds":144,"stat.useItem.minecraft.stone_pickaxe":125,"stat.mineBlock.minecraft.dirt":414,"stat.drop.minecraft.stick":4,"stat.useItem.minecraft.torch":3,"stat.pickup.minecraft.iron_nugget":3,"stat.drop.minecraft.rotten_flesh":1,"stat.pickup.minecraft.crafting_table":6,"stat.useItem.minecraft.log":104,"stat.useItem.minecraft.cobblestone":8,"stat.craftItem.minecraft.crafting_table":3,"stat.mineBlock.minecraft.double_plant":6,"stat.drop.srparasites.parasitecanister":1,"stat.pickup.minecraft.iron_hoe":1,"stat.pickup.narutomod.whitezetsuflesh":1,"stat.pickup.minecraft.log":208,"stat.pickup.minecraft.compass":1,"stat.pickup.narutomod.shuriken":3,"stat.drop.minecraft.iron_ore":5,"stat.drop.minecraft.planks":25,"stat.drop.minecraft.sapling":4,"stat.pickup.minecraft.sapling":14,"stat.pickup.minecraft.wooden_door":3,"stat.pickup.minecraft.apple":1,"stat.mineBlock.overlast.red_leaves":22,"stat.pickup.minecraft.coal_block":1,"stat.craftItem.minecraft.planks":372,"stat.useItem.minecraft.iron_sword":343,"stat.pickup.futuremc.cornflower":2,"stat.pickup.minecraft.book":3,"stat.mineBlock.minecraft.log":201,"stat.craftItem.minecraft.wooden_door":3,"stat.useItem.minecraft.wooden_door":2,"stat.pickup.minecraft.red_flower":33,"stat.sneakTime":26636,"stat.pickup.minecraft.wool":21,"stat.pickup.minecraft.stone_slab":1,"stat.pickup.minecraft.yellow_flower":4,"stat.pickup.minecraft.chest":2,"stat.drop.minecraft.stone_pickaxe":1,"stat.pickup.narutomod.chakra_blades":3,"stat.drop.minecraft.stone_shovel":1,"stat.mineBlock.minecraft.cobblestone":2,"stat.pickup.minecraft.stone_pickaxe":1,"stat.drop.minecraft.red_mushroom":2,"stat.mineBlock.minecraft.yellow_flower":6,"stat.mineBlock.srparasites.gore":34,"stat.mineBlock.minecraft.brown_mushroom":1,"stat.drop.minecraft.iron_nugget":3,"stat.swimOneCm":17867,"stat.climbOneCm":811,"stat.drop.minecraft.cobblestone":5,"stat.pickup.narutomod.sharinganhelmet":1,"stat.useItem.minecraft.dirt":93,"stat.useItem.minecraft.stone_slab2":94,"stat.drop.narutomod.chakra_blades":2,"stat.craftItem.minecraft.furnace":6,"stat.pickup.minecraft.map":2,"stat.useItem.minecraft.egg":1,"stat.craftItem.minecraft.stone_pickaxe":1,"stat.craftItem.minecraft.cooked_beef":36,"stat.pickup.minecraft.shears":1,"stat.pickup.minecraft.cobblestone":163,"stat.mineBlock.minecraft.carpet":2,"stat.useItem.minecraft.stone_shovel":204,"stat.flyOneCm":1509536,"stat.pickup.narutomod.kunai":3,"stat.mineBlock.quark.custom_chest":3,"stat.pickup.minecraft.fish":4,"stat.drop.minecraft.wheat_seeds":1,"stat.useItem.minecraft.cooked_beef":3,"stat.mineBlock.minecraft.iron_ore":8,"stat.timeSinceDeath":30716,"stat.pickup.minecraft.mutton":18,"stat.drop.minecraft.coal":1,"stat.useItem.minecraft.potato":6,"stat.drop.srparasites.beckon_drop":1,"stat.mineBlock.minecraft.coal_block":1,"stat.killEntity.Wolf":1,"stat.drop.minecraft.dirt":34,"stat.pickup.minecraft.carpet":1,"stat.mineBlock.minecraft.coal_ore":19,"stat.drop.minecraft.wool":2,"stat.killEntity.Creeper":1,"stat.talkedToVillager":6,"stat.pickup.minecraft.string":16,"stat.entityKilledBy.Skeleton":1,"stat.craftItem.minecraft.stone_slab2":0,"stat.drop.minecraft.oak_stairs":5,"stat.pickup.srparasites.beckon_drop":2,"stat.sprintOneCm":185206,"stat.pickup.minecraft.paper":6,"stat.mineBlock.minecraft.stone_slab":1,"stat.craftItem.minecraft.stick":28,"stat.craftItem.minecraft.stone":78,"stat.useItem.minecraft.snowball":9,"stat.mineBlock.minecraft.crafting_table":6,"stat.useItem.minecraft.carrot":30,"stat.useItem.minecraft.wooden_shovel":59,"stat.mineBlock.minecraft.planks":7,"stat.drop":96,"stat.killEntity.Sheep":11,"stat.pickup.minecraft.slime_ball":7,"stat.killEntity.Zombie":5,"stat.pickup.minecraft.snowball":9,"stat.pickup.narutomod.ice_senbon":44,"stat.diveOneCm":68769,"stat.pickup.minecraft.wheat":2,"stat.pickup.minecraft.gravel":1,"stat.drop.minecraft.cooked_beef":1,"stat.killEntity.Slime":19,"stat.drop.narutomod.sharinganhelmet":1,"stat.drop.minecraft.apple":1,"stat.jump":3787,"stat.useItem.minecraft.sand":7,"stat.pickup.minecraft.coal":22,"stat.drop.narutomod.ice_senbon":36,"stat.useItem.minecraft.stone_axe":342,"stat.pickup.minecraft.gunpowder":2,"stat.craftItem.minecraft.torch":4,"stat.pickup.minecraft.dirt":503,"stat.drop.minecraft.bed":1,"stat.pickup.minecraft.iron_ore":24,"stat.useItem.minecraft.glass":63,"stat.pickup.minecraft.stone_shovel":1,"stat.pickup.quark.custom_chest":3,"stat.damageTaken":28652,"stat.pickup.minecraft.leather":13,"stat.drop.minecraft.iron_hoe":1,"stat.mineBlock.minecraft.furnace":3,"stat.mineBlock.minecraft.red_flower":4,"stat.mineBlock.minecraft.torch":1,"stat.useItem.minecraft.wooden_pickaxe":10,"stat.mineBlock.nocubessrpnests.neststonespikes":1,"stat.pickup.srparasites.assimilated_flesh":32,"stat.pickup.minecraft.reeds":7,"stat.pickup.minecraft.bed":11,"stat.pickup.minecraft.potato":42,"stat.damageDealt":14287,"stat.craftItem.minecraft.glass":82,"stat.sleepInBed":22,"stat.craftItem.minecraft.baked_potato":1,"stat.killEntity.Cow":24,"stat.useItem.minecraft.crafting_table":3,"stat.killEntity.Pig":1,"stat.craftItem.minecraft.stone_shovel":1,"stat.walkOneCm":1660579,"stat.useItem.quark.custom_chest":2,"stat.playerKills":5,"stat.useItem.minecraft.chest":1,"stat.drop.minecraft.item_frame":4,"stat.pickup.minecraft.stick":31,"stat.craftItem.quark.custom_chest":2,"stat.mineBlock.srparasites.canisteractive":2,"stat.pickup.minecraft.stone":40,"stat.mineBlock.minecraft.wool":10,"stat.drop.srparasites.assimilated_flesh":15,"stat.useItem.narutomod.ice_senbon":234,"stat.entityKilledBy.iruka_sensei":1,"stat.killEntity.Spider":6,"stat.mobKills":115,"stat.pickup.minecraft.diamond":2,"stat.pickup.minecraft.beetroot_seeds":48,"stat.mineBlock.minecraft.leaves":54,"stat.drop.futuremc.lily_of_the_valley":2,"stat.pickup.minecraft.torch":14,"stat.drop.minecraft.shears":1,"stat.pickup.narutomod.scroll_healing":1,"stat.mineBlock.minecraft.stone":133}