{"stat.drop.narutomod.kunai":1,"stat.leaveGame":3,"stat.useItem.minecraft.porkchop":3,"stat.drop.narutomod.shuriken":1,"stat.mineBlock.minecraft.stained_glass_pane":2,"stat.mineBlock.minecraft.stained_glass":2,"stat.jump":491,"stat.swimOneCm":3202,"stat.pickup.quark.glass_shards":2,"stat.fallOneCm":17359,"stat.climbOneCm":1477,"stat.drop.minecraft.stone":128,"stat.pickup.minecraft.porkchop":3,"stat.crouchOneCm":8038,"stat.pickup.minecraft.dirt":1,"stat.useItem.minecraft.stone_slab2":8,"stat.damageTaken":11210,"stat.pickup.minecraft.cobblestone_wall":1,"stat.flyOneCm":126548,"stat.pickup.minecraft.quartz_block":1,"stat.pickup.narutomod.kunai":1,"stat.entityKilledBy.Zombie":1,"stat.pickup.quark.tallow":3,"stat.damageDealt":1031,"stat.timeSinceDeath":697,"stat.mineBlock.minecraft.dirt":1,"stat.killEntity.Pig":1,"stat.walkOneCm":228428,"stat.useItem.minecraft.torch":34,"stat.drop.minecraft.dirt":1,"stat.useItem.minecraft.cooked_porkchop":4,"stat.drop.minecraft.wool":1,"stat.pickup.narutomod.shuriken":1,"stat.drop.minecraft.stained_hardened_clay":1,"stat.sprintOneCm":79715,"stat.useItem.narutomod.ice_senbon":24,"stat.mobKills":7,"stat.deaths":4,"stat.drop":10,"stat.playOneMinute":44989,"stat.killEntity.Sheep":1,"stat.sneakTime":1851,"stat.pickup.minecraft.wool":1,"stat.mineBlock.minecraft.cobblestone_wall":2,"stat.drop.minecraft.quartz_block":1,"stat.killEntity.Zombie":1,"stat.pickup.minecraft.stone_slab":1,"stat.mineBlock.minecraft.tallgrass":2,"stat.diveOneCm":8092}