{"stat.drop.narutomod.kunai":1,"stat.leaveGame":3,"stat.pickup.minecraft.wooden_pressure_plate":2,"stat.useItem.minecraft.porkchop":3,"stat.drop.narutomod.shuriken":1,"stat.mineBlock.minecraft.stained_glass_pane":2,"stat.mineBlock.minecraft.stained_glass":2,"stat.jump":675,"stat.swimOneCm":3554,"stat.pickup.quark.glass_shards":2,"stat.pickup.minecraft.fence":2,"stat.fallOneCm":22649,"stat.climbOneCm":1477,"stat.drop.minecraft.stone":128,"stat.pickup.minecraft.porkchop":3,"stat.crouchOneCm":12667,"stat.pickup.minecraft.dirt":1,"stat.useItem.minecraft.stone_slab2":9,"stat.pickup.minecraft.rotten_flesh":2,"stat.damageTaken":22953,"stat.pickup.minecraft.cobblestone_wall":1,"stat.pickup.srparasites.assimilated_flesh":1,"stat.flyOneCm":158163,"stat.pickup.minecraft.quartz_block":1,"stat.pickup.narutomod.kunai":1,"stat.entityKilledBy.Zombie":1,"stat.pickup.quark.tallow":3,"stat.damageDealt":1965,"stat.timeSinceDeath":1503,"stat.mineBlock.minecraft.dirt":1,"stat.killEntity.Pig":1,"stat.walkOneCm":338289,"stat.useItem.minecraft.torch":34,"stat.drop.minecraft.dirt":1,"stat.useItem.minecraft.cooked_porkchop":13,"stat.pickup.srparasites.lurecomponent2":1,"stat.drop.minecraft.wool":1,"stat.pickup.narutomod.shuriken":1,"stat.drop.minecraft.stained_hardened_clay":1,"stat.sprintOneCm":118760,"stat.useItem.minecraft.fence":1,"stat.useItem.narutomod.ice_senbon":33,"stat.mineBlock.minecraft.fence":2,"stat.mobKills":14,"stat.deaths":9,"stat.drop":10,"stat.playOneMinute":57589,"stat.killEntity.Sheep":1,"stat.sneakTime":3525,"stat.pickup.minecraft.wool":1,"stat.mineBlock.minecraft.cobblestone_wall":2,"stat.drop.minecraft.quartz_block":1,"stat.killEntity.Zombie":1,"stat.pickup.minecraft.stone_slab":1,"stat.mineBlock.minecraft.tallgrass":2,"stat.diveOneCm":8092}