{"stat.drop.narutomod.kunai":1,"stat.walkOneCm":45212,"stat.useItem.narutomod.ice_senbon":3,"stat.leaveGame":2,"stat.damageTaken":10285,"stat.drop.minecraft.dirt":1,"stat.mobKills":1,"stat.drop.narutomod.shuriken":1,"stat.flyOneCm":10820,"stat.deaths":1,"stat.drop":8,"stat.jump":60,"stat.pickup.narutomod.kunai":1,"stat.playOneMinute":18124,"stat.fallOneCm":4426,"stat.pickup.narutomod.shuriken":1,"stat.climbOneCm":216,"stat.drop.minecraft.stone":128,"stat.drop.minecraft.stained_hardened_clay":1,"stat.sneakTime":697,"stat.damageDealt":84,"stat.crouchOneCm":1228,"stat.timeSinceDeath":3939,"stat.pickup.minecraft.dirt":1,"stat.sprintOneCm":10209,"stat.mineBlock.minecraft.dirt":1,"stat.useItem.minecraft.stone_slab2":6,"stat.mineBlock.minecraft.tallgrass":1}