{"stat.useItem.minecraft.bow":4,"stat.pickup.minecraft.bone":19,"stat.leaveGame":10,"stat.mineBlock.minecraft.yellow_flower":1,"stat.mineBlock.srparasites.gore":7,"stat.mineBlock.minecraft.sandstone":2,"stat.drop.narutomod.shuriken":1,"stat.swimOneCm":7286,"stat.pickup.quark.glass_shards":5,"stat.climbOneCm":6020,"stat.useItem.minecraft.planks":13,"stat.drop.minecraft.cobblestone":27,"stat.pickup.minecraft.cooked_porkchop":5,"stat.useItem.minecraft.stone_slab2":21,"stat.pickup.minecraft.bow":1,"stat.pickup.minecraft.sand":1,"stat.entityKilledBy.Spider":1,"stat.craftItem.minecraft.stone_axe":1,"stat.pickup.minecraft.anvil":1,"stat.craftItem.minecraft.stone_pickaxe":1,"stat.pickup.minecraft.cobblestone":33,"stat.pickup.minecraft.quartz_stairs":1,"stat.flyOneCm":185273,"stat.pickup.minecraft.sandstone":3,"stat.mineBlock.minecraft.sand":1,"stat.pickup.narutomod.kunai":3,"stat.timeSinceDeath":22432,"stat.pickup.minecraft.stained_hardened_clay":2,"stat.craftItem.minecraft.wooden_pickaxe":1,"stat.pickup.minecraft.double_plant":4,"stat.drop.minecraft.coal":1,"stat.furnaceInteraction":5,"stat.drop.minecraft.dirt":7,"stat.useItem.minecraft.cooked_porkchop":17,"stat.pickup.srparasites.lurecomponent1":6,"stat.pickup.minecraft.string":3,"stat.entityKilledBy.Skeleton":1,"stat.craftItem.minecraft.stone_slab2":0,"stat.mineBlock.minecraft.stained_hardened_clay":2,"stat.sprintOneCm":162702,"stat.craftItem.minecraft.stick":8,"stat.useItem.minecraft.stone_slab":2,"stat.mineBlock.minecraft.crafting_table":1,"stat.mineBlock.minecraft.quartz_block":1,"stat.entityKilledBy.Creeper":1,"stat.deaths":35,"stat.mineBlock.minecraft.planks":9,"stat.drop":23,"stat.playOneMinute":165322,"stat.drop.minecraft.string":1,"stat.killEntity.Zombie":1,"stat.mineBlock.minecraft.tallgrass":1,"stat.diveOneCm":13516,"stat.chestOpened":3,"stat.drop.narutomod.kunai":1,"stat.drop.srparasites.lurecomponent1":4,"stat.drop.minecraft.wooden_pickaxe":1,"stat.pickup.minecraft.arrow":19,"stat.craftItem.minecraft.cooked_porkchop":2,"stat.mineBlock.minecraft.anvil":1,"stat.drop.minecraft.sandstone":1,"stat.jump":1601,"stat.pickup.minecraft.coal":1,"stat.fallOneCm":47848,"stat.useItem.minecraft.stone_axe":69,"stat.crouchOneCm":24607,"stat.pickup.minecraft.spider_eye":1,"stat.pickup.minecraft.dirt":10,"stat.craftingTableInteraction":8,"stat.pickup.minecraft.iron_ore":1,"stat.mineBlock.minecraft.glass_pane":1,"stat.drop.minecraft.double_plant":4,"stat.pickup.minecraft.wooden_pickaxe":1,"stat.damageTaken":17685,"stat.mineBlock.minecraft.torch":1,"stat.useItem.minecraft.wooden_pickaxe":5,"stat.pickup.srparasites.assimilated_flesh":1,"stat.pickup.minecraft.planks":9,"stat.pickup.minecraft.bed":1,"stat.entityKilledBy.Zombie":3,"stat.useItem.minecraft.stone_pickaxe":55,"stat.damageDealt":9359,"stat.sleepInBed":4,"stat.mineBlock.minecraft.dirt":5,"stat.mineBlock.minecraft.quartz_stairs":1,"stat.walkOneCm":815083,"stat.mineBlock.minecraft.birch_fence":5,"stat.playerKills":1,"stat.pickup.narutomod.scroll_hiding_in_mist":1,"stat.pickup.minecraft.crafting_table":1,"stat.useItem.minecraft.log":8,"stat.craftItem.minecraft.crafting_table":1,"stat.pickup.minecraft.log":41,"stat.pickup.narutomod.shuriken":6,"stat.drop.minecraft.iron_ore":1,"stat.drop.minecraft.sapling":2,"stat.useItem.minecraft.stained_hardened_clay":1,"stat.pickup.minecraft.sapling":4,"stat.drop.srparasites.assimilated_flesh":1,"stat.mineBlock.overlast.red_leaves":2,"stat.killEntity.Skeleton":15,"stat.useItem.narutomod.ice_senbon":86,"stat.craftItem.minecraft.planks":132,"stat.killEntity.Spider":3,"stat.mobKills":47,"stat.mineBlock.minecraft.log":11,"stat.pickup.minecraft.birch_fence":5,"stat.pickup.minecraft.red_flower":5,"stat.sneakTime":12591,"stat.drop.minecraft.yellow_flower":1,"stat.pickup.minecraft.stone_slab":4,"stat.pickup.minecraft.yellow_flower":3,"stat.mineBlock.minecraft.stone":36}