{"stat.drop.narutomod.kunai":1,"stat.pickup.minecraft.bone":4,"stat.useItem.minecraft.fish":3,"stat.leaveGame":3,"stat.pickup.minecraft.arrow":1,"stat.pickup.minecraft.wooden_pressure_plate":2,"stat.mineBlock.srparasites.gore":8,"stat.useItem.minecraft.porkchop":3,"stat.mineBlock.minecraft.sandstone":1,"stat.craftItem.minecraft.coal":10,"stat.drop.narutomod.shuriken":1,"stat.useItem.minecraft.rotten_flesh":2,"stat.mineBlock.minecraft.stained_glass_pane":4,"stat.mineBlock.minecraft.stained_glass":30,"stat.useItem.minecraft.mutton":1,"stat.jump":1567,"stat.swimOneCm":40625,"stat.pickup.quark.glass_shards":95,"stat.pickup.minecraft.fence":5,"stat.fallOneCm":44374,"stat.climbOneCm":7603,"stat.useItem.minecraft.planks":4,"stat.drop.minecraft.stone":128,"stat.pickup.minecraft.porkchop":11,"stat.crouchOneCm":99098,"stat.pickup.minecraft.dirt":3,"stat.useItem.minecraft.stone_slab2":22,"stat.craftingTableInteraction":8,"stat.pickup.minecraft.rotten_flesh":3,"stat.pickup.minecraft.sand":257,"stat.useItem.minecraft.sapling":2,"stat.mineBlock.nocubessrpnests.nestegg":3,"stat.mineBlock.minecraft.glass_pane":6,"stat.damageTaken":29575,"stat.pickup.minecraft.leather":5,"stat.pickup.minecraft.cobblestone_wall":1,"stat.pickup.srparasites.assimilated_flesh":2,"stat.pickup.minecraft.dye":8,"stat.flyOneCm":412644,"stat.pickup.minecraft.quartz_block":1,"stat.mineBlock.minecraft.sand":269,"stat.pickup.narutomod.kunai":1,"stat.pickup.minecraft.fish":4,"stat.pickup.srparasites.canisteractive":1,"stat.entityKilledBy.Zombie":1,"stat.mineBlock.minecraft.glass":6,"stat.pickup.quark.tallow":10,"stat.damageDealt":8391,"stat.craftItem.minecraft.glass":68,"stat.timeSinceDeath":47628,"stat.killEntity.Cow":5,"stat.mineBlock.minecraft.dirt":5,"stat.killEntity.Pig":5,"stat.pickup.minecraft.mutton":19,"stat.walkOneCm":1120783,"stat.useItem.minecraft.torch":34,"stat.useItem.minecraft.bread":1,"stat.craftItem.minecraft.glass_pane":176,"stat.pickup.minecraft.crafting_table":1,"stat.pickup.minecraft.stonebrick":2,"stat.furnaceInteraction":13,"stat.drop.minecraft.dirt":1,"stat.killEntity.Wolf":1,"stat.useItem.minecraft.cooked_porkchop":32,"stat.pickup.srparasites.lurecomponent2":1,"stat.drop.minecraft.wool":1,"stat.pickup.srparasites.lurecomponent1":6,"stat.pickup.minecraft.string":6,"stat.pickup.minecraft.log":13,"stat.drop.minecraft.stonebrick":1,"stat.pickup.narutomod.shuriken":1,"stat.pickup.minecraft.beef":9,"stat.drop.minecraft.stained_hardened_clay":1,"stat.craftItem.minecraft.stone_slab2":0,"stat.pickup.minecraft.cauldron":1,"stat.killEntity.Squid":3,"stat.pickup.minecraft.sapling":3,"stat.mineBlock.minecraft.stained_hardened_clay":1,"stat.sprintOneCm":235237,"stat.useItem.minecraft.fence":2,"stat.useItem.minecraft.glass_pane":165,"stat.killEntity.Skeleton":2,"stat.useItem.narutomod.ice_senbon":446,"stat.craftItem.minecraft.planks":12,"stat.mineBlock.minecraft.fence":5,"stat.pickup.nocubessrpnests.organicsample":21,"stat.mineBlock.minecraft.crafting_table":1,"stat.pickup.minecraft.bread":1,"stat.mobKills":67,"stat.pickup.minecraft.book":12,"stat.mineBlock.minecraft.bookshelf":4,"stat.mineBlock.minecraft.log":13,"stat.deaths":23,"stat.drop":12,"stat.pickup.minecraft.iron_door":1,"stat.mineBlock.minecraft.leaves":85,"stat.playOneMinute":142189,"stat.drop.minecraft.string":6,"stat.killEntity.Sheep":12,"stat.sneakTime":18493,"stat.pickup.minecraft.wool":14,"stat.mineBlock.minecraft.cobblestone_wall":2,"stat.drop.minecraft.quartz_block":1,"stat.killEntity.Zombie":2,"stat.pickup.minecraft.stone_slab":1,"stat.mineBlock.minecraft.tallgrass":3,"stat.diveOneCm":43908}