{"stat.chestOpened":1,"stat.mineBlock.overlast.red_leaves":2,"stat.walkOneCm":47542,"stat.craftItem.minecraft.planks":20,"stat.leaveGame":1,"stat.drop.minecraft.red_mushroom":4,"stat.mineBlock.minecraft.log":5,"stat.pickup.minecraft.log":5,"stat.flyOneCm":57832,"stat.pickup.minecraft.wheat_seeds":1,"stat.drop":1,"stat.jump":127,"stat.playOneMinute":12018,"stat.fallOneCm":1798,"stat.climbOneCm":5756,"stat.sneakTime":454,"stat.crouchOneCm":918,"stat.timeSinceDeath":12018,"stat.pickup.minecraft.dirt":12,"stat.sprintOneCm":11947,"stat.pickup.minecraft.red_mushroom":4,"stat.mineBlock.minecraft.dirt":12,"stat.craftItem.minecraft.wooden_pickaxe":1,"stat.mineBlock.minecraft.tallgrass":2,"stat.craftItem.minecraft.stick":4,"stat.mineBlock.minecraft.red_mushroom":5,"stat.craftingTableInteraction":1}