{"stat.drop.narutomod.kunai":1,"stat.pickup.minecraft.bone":4,"stat.useItem.minecraft.fish":3,"stat.leaveGame":3,"stat.pickup.minecraft.arrow":1,"stat.pickup.minecraft.wooden_pressure_plate":2,"stat.mineBlock.srparasites.gore":8,"stat.useItem.minecraft.porkchop":3,"stat.mineBlock.minecraft.sandstone":1,"stat.drop.narutomod.shuriken":1,"stat.useItem.minecraft.rotten_flesh":2,"stat.mineBlock.minecraft.stained_glass_pane":4,"stat.mineBlock.minecraft.stained_glass":2,"stat.useItem.minecraft.mutton":1,"stat.jump":1403,"stat.swimOneCm":40625,"stat.pickup.quark.glass_shards":2,"stat.pickup.minecraft.fence":5,"stat.fallOneCm":39899,"stat.climbOneCm":6884,"stat.drop.minecraft.stone":128,"stat.pickup.minecraft.porkchop":3,"stat.crouchOneCm":26084,"stat.pickup.minecraft.dirt":3,"stat.useItem.minecraft.stone_slab2":16,"stat.pickup.minecraft.rotten_flesh":2,"stat.pickup.minecraft.sand":257,"stat.mineBlock.nocubessrpnests.nestegg":3,"stat.damageTaken":28564,"stat.pickup.minecraft.leather":2,"stat.pickup.minecraft.cobblestone_wall":1,"stat.pickup.srparasites.assimilated_flesh":2,"stat.pickup.minecraft.dye":8,"stat.flyOneCm":331966,"stat.pickup.minecraft.quartz_block":1,"stat.mineBlock.minecraft.sand":269,"stat.pickup.narutomod.kunai":1,"stat.pickup.minecraft.fish":4,"stat.pickup.srparasites.canisteractive":1,"stat.entityKilledBy.Zombie":1,"stat.pickup.quark.tallow":3,"stat.damageDealt":6241,"stat.timeSinceDeath":11628,"stat.mineBlock.minecraft.dirt":5,"stat.killEntity.Pig":1,"stat.pickup.minecraft.mutton":1,"stat.walkOneCm":590937,"stat.useItem.minecraft.torch":34,"stat.useItem.minecraft.bread":1,"stat.pickup.minecraft.crafting_table":1,"stat.pickup.minecraft.stonebrick":2,"stat.drop.minecraft.dirt":1,"stat.useItem.minecraft.cooked_porkchop":22,"stat.pickup.srparasites.lurecomponent2":1,"stat.drop.minecraft.wool":1,"stat.pickup.srparasites.lurecomponent1":6,"stat.pickup.minecraft.string":6,"stat.drop.minecraft.stonebrick":1,"stat.pickup.narutomod.shuriken":1,"stat.drop.minecraft.stained_hardened_clay":1,"stat.pickup.minecraft.cauldron":1,"stat.killEntity.Squid":3,"stat.sprintOneCm":215914,"stat.useItem.minecraft.fence":2,"stat.killEntity.Skeleton":2,"stat.useItem.narutomod.ice_senbon":331,"stat.mineBlock.minecraft.fence":5,"stat.pickup.nocubessrpnests.organicsample":21,"stat.mineBlock.minecraft.crafting_table":1,"stat.pickup.minecraft.bread":1,"stat.mobKills":44,"stat.pickup.minecraft.book":12,"stat.mineBlock.minecraft.bookshelf":4,"stat.deaths":23,"stat.drop":12,"stat.mineBlock.minecraft.leaves":3,"stat.playOneMinute":106189,"stat.drop.minecraft.string":6,"stat.killEntity.Sheep":1,"stat.sneakTime":7601,"stat.pickup.minecraft.wool":2,"stat.mineBlock.minecraft.cobblestone_wall":2,"stat.drop.minecraft.quartz_block":1,"stat.killEntity.Zombie":1,"stat.pickup.minecraft.stone_slab":1,"stat.mineBlock.minecraft.tallgrass":3,"stat.diveOneCm":43757}