{"stat.leaveGame":3,"stat.drop.minecraft.stone_shovel":1,"stat.drop.minecraft.red_mushroom":2,"stat.mineBlock.srparasites.gore":2,"stat.mineBlock.minecraft.brown_mushroom":1,"stat.drop.narutomod.shuriken":3,"stat.useItem.minecraft.mutton":1,"stat.swimOneCm":6256,"stat.climbOneCm":532,"stat.useItem.minecraft.dirt":2,"stat.useItem.minecraft.stone_slab2":20,"stat.pickup.minecraft.rotten_flesh":2,"stat.pickup.minecraft.map":1,"stat.craftItem.minecraft.stone_axe":1,"stat.craftItem.minecraft.stone_pickaxe":1,"stat.craftItem.minecraft.cooked_beef":3,"stat.pickup.minecraft.cobblestone":16,"stat.useItem.minecraft.stone_shovel":1,"stat.flyOneCm":112498,"stat.pickup.minecraft.brown_mushroom":2,"stat.pickup.narutomod.kunai":3,"stat.drop.minecraft.wheat_seeds":1,"stat.craftItem.toughasnails.campfire":1,"stat.pickup.toughasnails.wool_helmet":1,"stat.useItem.minecraft.cooked_beef":3,"stat.mineBlock.minecraft.iron_ore":4,"stat.timeSinceDeath":32800,"stat.craftItem.minecraft.wooden_pickaxe":1,"stat.pickup.minecraft.mutton":18,"stat.drop.minecraft.cooked_mutton":2,"stat.pickup.minecraft.double_plant":1,"stat.craftItem.minecraft.bed":1,"stat.useItem.minecraft.potato":5,"stat.mineBlock.minecraft.coal_block":1,"stat.furnaceInteraction":7,"stat.mineBlock.minecraft.coal_ore":4,"stat.pickup.srparasites.lurecomponent1":1,"stat.talkedToVillager":6,"stat.drop.minecraft.stone_slab":1,"stat.pickup.minecraft.beef":5,"stat.useItem.minecraft.cooked_mutton":4,"stat.pickup.minecraft.furnace":1,"stat.entityKilledBy.Skeleton":1,"stat.craftItem.minecraft.stone_slab2":0,"stat.drop.minecraft.oak_stairs":5,"stat.sprintOneCm":66806,"stat.mineBlock.minecraft.stone_slab":1,"stat.craftItem.minecraft.stick":28,"stat.pickup.futuremc.lily_of_the_valley":2,"stat.mineBlock.minecraft.crafting_table":4,"stat.useItem.minecraft.carrot":29,"stat.useItem.minecraft.beef":2,"stat.craftItem.toughasnails.wool_chestplate":1,"stat.deaths":4,"stat.drop":18,"stat.playOneMinute":78942,"stat.killEntity.Sheep":11,"stat.pickup.minecraft.item_frame":5,"stat.mineBlock.minecraft.tallgrass":7,"stat.craftItem.minecraft.cooked_mutton":6,"stat.diveOneCm":2698,"stat.pickup.minecraft.wheat":1,"stat.chestOpened":2,"stat.drop.narutomod.kunai":3,"stat.pickup.minecraft.gravel":1,"stat.pickup.minecraft.iron_sword":1,"stat.mineBlock.minecraft.ice":18,"stat.mineBlock.toughasnails.campfire":1,"stat.craftItem.minecraft.coal":9,"stat.jump":809,"stat.pickup.minecraft.coal":7,"stat.useItem.minecraft.experience_bottle":38,"stat.fallOneCm":28666,"stat.drop.minecraft.stone":2,"stat.pickup.minecraft.carrot":45,"stat.useItem.minecraft.stone_axe":81,"stat.crouchOneCm":8772,"stat.pickup.minecraft.dirt":3,"stat.pickup.minecraft.red_mushroom":3,"stat.mineBlock.futuremc.lily_of_the_valley":3,"stat.craftingTableInteraction":10,"stat.pickup.minecraft.iron_ore":9,"stat.pickup.minecraft.stone_shovel":1,"stat.drop.minecraft.double_plant":1,"stat.damageTaken":1611,"stat.pickup.minecraft.leather":2,"stat.mineBlock.minecraft.furnace":1,"stat.mineBlock.minecraft.red_flower":4,"stat.useItem.minecraft.wooden_pickaxe":10,"stat.pickup.minecraft.reeds":4,"stat.pickup.minecraft.bed":3,"stat.pickup.minecraft.wheat_seeds":33,"stat.pickup.minecraft.potato":42,"stat.useItem.minecraft.stone_pickaxe":28,"stat.damageDealt":1405,"stat.sleepInBed":5,"stat.killEntity.Cow":2,"stat.mineBlock.minecraft.dirt":3,"stat.useItem.minecraft.crafting_table":3,"stat.pickup.toughasnails.ice_cube":9,"stat.walkOneCm":275199,"stat.playerKills":2,"stat.pickup.minecraft.crafting_table":4,"stat.useItem.minecraft.log":3,"stat.craftItem.minecraft.crafting_table":3,"stat.mineBlock.minecraft.double_plant":2,"stat.pickup.minecraft.log":16,"stat.pickup.minecraft.compass":1,"stat.pickup.narutomod.shuriken":3,"stat.pickup.minecraft.stone":5,"stat.drop.minecraft.sapling":4,"stat.mineBlock.minecraft.wool":10,"stat.pickup.minecraft.sapling":4,"stat.mineBlock.overlast.red_leaves":8,"stat.pickup.minecraft.coal_block":1,"stat.craftItem.minecraft.planks":20,"stat.useItem.minecraft.iron_sword":7,"stat.mobKills":16,"stat.pickup.minecraft.book":1,"stat.mineBlock.minecraft.log":16,"stat.pickup.minecraft.beetroot_seeds":24,"stat.drop.futuremc.lily_of_the_valley":2,"stat.pickup.minecraft.red_flower":11,"stat.sneakTime":3306,"stat.pickup.minecraft.wool":19,"stat.pickup.minecraft.stone_slab":1,"stat.mineBlock.minecraft.stone":15}