{"stat.pickup.narutomod.chakra_blades":2,"stat.leaveGame":6,"stat.drop.minecraft.stone_shovel":1,"stat.mineBlock.minecraft.cobblestone":2,"stat.drop.minecraft.red_mushroom":2,"stat.mineBlock.minecraft.yellow_flower":5,"stat.mineBlock.srparasites.gore":5,"stat.mineBlock.minecraft.brown_mushroom":1,"stat.drop.narutomod.shuriken":3,"stat.entityKilledBy.tenten":4,"stat.useItem.minecraft.mutton":1,"stat.swimOneCm":10960,"stat.climbOneCm":532,"stat.useItem.minecraft.planks":118,"stat.pickup.narutomod.team_scroll":1,"stat.useItem.minecraft.dirt":10,"stat.useItem.minecraft.stone_slab2":59,"stat.drop.narutomod.chakra_blades":2,"stat.pickup.minecraft.rotten_flesh":7,"stat.pickup.minecraft.sand":166,"stat.craftItem.minecraft.furnace":2,"stat.entityKilledBy.Spider":1,"stat.pickup.minecraft.map":1,"stat.craftItem.minecraft.stone_axe":3,"stat.craftItem.minecraft.stone_pickaxe":1,"stat.craftItem.minecraft.cooked_beef":17,"stat.pickup.minecraft.cobblestone":37,"stat.mineBlock.minecraft.carpet":2,"stat.useItem.minecraft.stone_shovel":204,"stat.flyOneCm":753762,"stat.pickup.minecraft.brown_mushroom":2,"stat.mineBlock.minecraft.sand":169,"stat.pickup.narutomod.kunai":3,"stat.pickup.minecraft.fish":4,"stat.drop.minecraft.wheat_seeds":1,"stat.useItem.minecraft.cooked_beef":3,"stat.mineBlock.futuremc.stripped_oak_log":1,"stat.craftItem.minecraft.cooked_fish":4,"stat.mineBlock.minecraft.iron_ore":4,"stat.timeSinceDeath":78669,"stat.craftItem.minecraft.wooden_pickaxe":1,"stat.pickup.minecraft.mutton":18,"stat.useItem.minecraft.iron_shovel":144,"stat.drop.minecraft.cooked_mutton":11,"stat.pickup.minecraft.double_plant":1,"stat.craftItem.minecraft.bed":1,"stat.useItem.minecraft.potato":6,"stat.mineBlock.minecraft.coal_block":1,"stat.furnaceInteraction":50,"stat.killEntity.Wolf":1,"stat.pickup.minecraft.carpet":1,"stat.killEntity.ZombieVillager":1,"stat.pickup.srparasites.lurecomponent2":1,"stat.mineBlock.minecraft.coal_ore":4,"stat.mineBlock.futuremc.cornflower":15,"stat.pickup.srparasites.lurecomponent1":1,"stat.killEntity.Creeper":1,"stat.talkedToVillager":6,"stat.drop.minecraft.red_flower":11,"stat.drop.minecraft.stone_slab":1,"stat.pickup.minecraft.string":6,"stat.drop.narutomod.team_scroll":1,"stat.pickup.minecraft.beef":31,"stat.useItem.minecraft.cooked_mutton":12,"stat.pickup.minecraft.furnace":3,"stat.entityKilledBy.Skeleton":1,"stat.craftItem.minecraft.stone_slab2":0,"stat.drop.minecraft.oak_stairs":5,"stat.sprintOneCm":148222,"stat.pickup.minecraft.paper":6,"stat.pickup.futuremc.stripped_oak_log":1,"stat.mineBlock.minecraft.stone_slab":1,"stat.craftItem.minecraft.stick":28,"stat.pickup.futuremc.lily_of_the_valley":2,"stat.mineBlock.minecraft.crafting_table":6,"stat.drop.minecraft.cooked_fish":4,"stat.useItem.minecraft.carrot":30,"stat.useItem.minecraft.wooden_shovel":59,"stat.useItem.minecraft.beef":2,"stat.deaths":15,"stat.mineBlock.minecraft.planks":4,"stat.drop":63,"stat.playOneMinute":221004,"stat.craftItem.minecraft.wooden_shovel":1,"stat.killEntity.Sheep":11,"stat.pickup.minecraft.item_frame":5,"stat.pickup.narutomod.ice_senbon":27,"stat.mineBlock.minecraft.tallgrass":160,"stat.craftItem.minecraft.cooked_mutton":17,"stat.diveOneCm":63105,"stat.pickup.minecraft.wheat":2,"stat.pickup.minecraft.cooked_mutton":8,"stat.chestOpened":8,"stat.drop.narutomod.kunai":3,"stat.pickup.minecraft.gravel":1,"stat.pickup.minecraft.iron_sword":1,"stat.drop.minecraft.cooked_beef":1,"stat.mineBlock.minecraft.ice":19,"stat.drop.narutomod.sharinganhelmet":1,"stat.craftItem.minecraft.coal":9,"stat.jump":2425,"stat.useItem.minecraft.sand":1,"stat.pickup.minecraft.coal":7,"stat.useItem.minecraft.experience_bottle":38,"stat.fallOneCm":96680,"stat.drop.minecraft.stone":2,"stat.drop.narutomod.ice_senbon":29,"stat.pickup.minecraft.carrot":45,"stat.useItem.minecraft.stone_axe":280,"stat.pickup.minecraft.gunpowder":2,"stat.crouchOneCm":71789,"stat.craftItem.minecraft.chest":2,"stat.craftItem.minecraft.iron_ingot":11,"stat.pickup.minecraft.dirt":221,"stat.pickup.minecraft.red_mushroom":3,"stat.mineBlock.futuremc.lily_of_the_valley":3,"stat.craftingTableInteraction":33,"stat.pickup.minecraft.iron_ore":9,"stat.useItem.minecraft.glass":61,"stat.pickup.minecraft.stone_shovel":1,"stat.drop.minecraft.double_plant":1,"stat.damageTaken":6676,"stat.pickup.minecraft.leather":13,"stat.mineBlock.minecraft.furnace":3,"stat.mineBlock.minecraft.red_flower":4,"stat.useItem.minecraft.wooden_pickaxe":10,"stat.useItem.narutomod.chakra_blades":4,"stat.pickup.srparasites.assimilated_flesh":1,"stat.pickup.minecraft.planks":4,"stat.pickup.minecraft.reeds":7,"stat.pickup.minecraft.bed":7,"stat.pickup.minecraft.wheat_seeds":48,"stat.pickup.minecraft.potato":42,"stat.useItem.minecraft.stone_pickaxe":54,"stat.damageDealt":5908,"stat.craftItem.minecraft.glass":82,"stat.sleepInBed":15,"stat.craftItem.minecraft.baked_potato":1,"stat.killEntity.Cow":22,"stat.mineBlock.minecraft.dirt":217,"stat.useItem.minecraft.crafting_table":3,"stat.craftItem.minecraft.stone_shovel":1,"stat.walkOneCm":912840,"stat.playerKills":5,"stat.useItem.minecraft.chest":1,"stat.pickup.minecraft.crafting_table":6,"stat.useItem.minecraft.log":104,"stat.craftItem.minecraft.crafting_table":3,"stat.mineBlock.minecraft.double_plant":6,"stat.pickup.minecraft.log":152,"stat.pickup.minecraft.compass":1,"stat.pickup.narutomod.shuriken":3,"stat.pickup.minecraft.stone":8,"stat.drop.minecraft.sapling":4,"stat.mineBlock.minecraft.wool":10,"stat.pickup.minecraft.sapling":14,"stat.mineBlock.overlast.red_leaves":9,"stat.pickup.minecraft.coal_block":1,"stat.useItem.narutomod.ice_senbon":3,"stat.craftItem.minecraft.planks":180,"stat.useItem.minecraft.iron_sword":175,"stat.entityKilledBy.iruka_sensei":1,"stat.pickup.futuremc.cornflower":2,"stat.mobKills":47,"stat.pickup.minecraft.book":1,"stat.mineBlock.minecraft.log":152,"stat.pickup.minecraft.beetroot_seeds":24,"stat.mineBlock.minecraft.leaves":48,"stat.drop.futuremc.lily_of_the_valley":2,"stat.pickup.minecraft.torch":1,"stat.pickup.minecraft.red_flower":33,"stat.sneakTime":14233,"stat.pickup.minecraft.wool":19,"stat.pickup.minecraft.stone_slab":1,"stat.pickup.minecraft.yellow_flower":4,"stat.mineBlock.minecraft.stone":35}