{"stat.drop.narutomod.kunai":1,"stat.useItem.minecraft.fish":1,"stat.leaveGame":3,"stat.pickup.minecraft.wooden_pressure_plate":2,"stat.mineBlock.srparasites.gore":8,"stat.useItem.minecraft.porkchop":3,"stat.drop.narutomod.shuriken":1,"stat.useItem.minecraft.rotten_flesh":2,"stat.mineBlock.minecraft.stained_glass_pane":2,"stat.mineBlock.minecraft.stained_glass":2,"stat.jump":1135,"stat.swimOneCm":37031,"stat.pickup.quark.glass_shards":2,"stat.pickup.minecraft.fence":5,"stat.fallOneCm":31059,"stat.climbOneCm":1477,"stat.drop.minecraft.stone":128,"stat.pickup.minecraft.porkchop":3,"stat.crouchOneCm":16917,"stat.pickup.minecraft.dirt":1,"stat.useItem.minecraft.stone_slab2":11,"stat.pickup.minecraft.rotten_flesh":2,"stat.mineBlock.nocubessrpnests.nestegg":3,"stat.damageTaken":26823,"stat.pickup.minecraft.leather":2,"stat.pickup.minecraft.cobblestone_wall":1,"stat.pickup.srparasites.assimilated_flesh":2,"stat.pickup.minecraft.dye":8,"stat.flyOneCm":239583,"stat.pickup.minecraft.quartz_block":1,"stat.pickup.narutomod.kunai":1,"stat.pickup.minecraft.fish":2,"stat.pickup.srparasites.canisteractive":1,"stat.entityKilledBy.Zombie":1,"stat.pickup.quark.tallow":3,"stat.damageDealt":5594,"stat.timeSinceDeath":4517,"stat.mineBlock.minecraft.dirt":1,"stat.killEntity.Pig":1,"stat.walkOneCm":437114,"stat.useItem.minecraft.torch":34,"stat.pickup.minecraft.stonebrick":1,"stat.drop.minecraft.dirt":1,"stat.useItem.minecraft.cooked_porkchop":16,"stat.pickup.srparasites.lurecomponent2":1,"stat.drop.minecraft.wool":1,"stat.pickup.srparasites.lurecomponent1":6,"stat.pickup.minecraft.string":6,"stat.pickup.narutomod.shuriken":1,"stat.drop.minecraft.stained_hardened_clay":1,"stat.killEntity.Squid":3,"stat.sprintOneCm":168655,"stat.useItem.minecraft.fence":2,"stat.useItem.narutomod.ice_senbon":44,"stat.mineBlock.minecraft.fence":5,"stat.pickup.nocubessrpnests.organicsample":21,"stat.mobKills":41,"stat.deaths":22,"stat.drop":10,"stat.mineBlock.minecraft.leaves":1,"stat.playOneMinute":81889,"stat.killEntity.Sheep":1,"stat.sneakTime":5960,"stat.pickup.minecraft.wool":1,"stat.mineBlock.minecraft.cobblestone_wall":2,"stat.drop.minecraft.quartz_block":1,"stat.killEntity.Zombie":1,"stat.pickup.minecraft.stone_slab":1,"stat.mineBlock.minecraft.tallgrass":2,"stat.diveOneCm":37520}