{"stat.useItem.minecraft.bow":5,"stat.pickup.minecraft.bone":26,"stat.leaveGame":13,"stat.mineBlock.minecraft.yellow_flower":1,"stat.mineBlock.srparasites.gore":8,"stat.mineBlock.minecraft.sandstone":2,"stat.drop.narutomod.shuriken":1,"stat.swimOneCm":7286,"stat.pickup.quark.glass_shards":5,"stat.climbOneCm":6020,"stat.useItem.minecraft.planks":13,"stat.drop.minecraft.cobblestone":27,"stat.pickup.minecraft.cooked_porkchop":5,"stat.useItem.minecraft.stone_slab2":25,"stat.pickup.minecraft.bow":3,"stat.pickup.minecraft.rotten_flesh":2,"stat.pickup.minecraft.sand":1,"stat.entityKilledBy.Spider":1,"stat.craftItem.minecraft.stone_axe":1,"stat.pickup.minecraft.anvil":1,"stat.craftItem.minecraft.stone_pickaxe":1,"stat.pickup.minecraft.cobblestone":33,"stat.pickup.minecraft.quartz_stairs":1,"stat.flyOneCm":259530,"stat.pickup.minecraft.sandstone":3,"stat.mineBlock.minecraft.sand":1,"stat.pickup.narutomod.kunai":3,"stat.killEntity.Witch":1,"stat.timeSinceDeath":0,"stat.pickup.minecraft.stained_hardened_clay":2,"stat.craftItem.minecraft.wooden_pickaxe":1,"stat.pickup.minecraft.double_plant":4,"stat.drop.minecraft.coal":1,"stat.furnaceInteraction":5,"stat.drop.minecraft.dirt":7,"stat.useItem.minecraft.cooked_porkchop":27,"stat.pickup.srparasites.lurecomponent2":2,"stat.pickup.srparasites.lurecomponent1":8,"stat.killEntity.Creeper":1,"stat.pickup.minecraft.string":5,"stat.mineBlock.minecraft.birch_stairs":1,"stat.entityKilledBy.Skeleton":1,"stat.craftItem.minecraft.stone_slab2":0,"stat.pickup.minecraft.birch_stairs":4,"stat.mineBlock.minecraft.stained_hardened_clay":2,"stat.sprintOneCm":173615,"stat.useItem.minecraft.fence":8,"stat.craftItem.minecraft.stick":12,"stat.useItem.minecraft.stone_slab":2,"stat.mineBlock.minecraft.fence":8,"stat.mineBlock.minecraft.crafting_table":1,"stat.mineBlock.minecraft.quartz_block":1,"stat.entityKilledBy.Creeper":1,"stat.deaths":36,"stat.mineBlock.minecraft.planks":9,"stat.drop":28,"stat.playOneMinute":186776,"stat.drop.minecraft.string":1,"stat.killEntity.Zombie":2,"stat.useItem.minecraft.birch_stairs":5,"stat.mineBlock.minecraft.tallgrass":1,"stat.diveOneCm":13516,"stat.chestOpened":4,"stat.drop.narutomod.kunai":1,"stat.drop.srparasites.lurecomponent1":4,"stat.drop.srparasites.lurecomponent2":1,"stat.drop.minecraft.wooden_pickaxe":1,"stat.pickup.minecraft.arrow":29,"stat.craftItem.minecraft.cooked_porkchop":2,"stat.mineBlock.minecraft.anvil":1,"stat.pickup.minecraft.wooden_pressure_plate":7,"stat.drop.minecraft.sandstone":1,"stat.jump":1759,"stat.pickup.minecraft.fence":8,"stat.pickup.minecraft.coal":1,"stat.fallOneCm":57128,"stat.useItem.minecraft.stone_axe":69,"stat.crouchOneCm":34105,"stat.pickup.minecraft.spider_eye":1,"stat.pickup.minecraft.dirt":10,"stat.craftingTableInteraction":10,"stat.pickup.minecraft.iron_ore":1,"stat.mineBlock.minecraft.wooden_pressure_plate":8,"stat.mineBlock.minecraft.glass_pane":2,"stat.drop.minecraft.double_plant":4,"stat.pickup.minecraft.wooden_pickaxe":1,"stat.damageTaken":18669,"stat.mineBlock.minecraft.torch":1,"stat.useItem.minecraft.wooden_pickaxe":5,"stat.pickup.srparasites.assimilated_flesh":4,"stat.pickup.minecraft.planks":9,"stat.pickup.minecraft.bed":1,"stat.entityKilledBy.Zombie":3,"stat.useItem.minecraft.stone_pickaxe":55,"stat.craftItem.minecraft.birch_stairs":8,"stat.damageDealt":12717,"stat.sleepInBed":6,"stat.mineBlock.minecraft.dirt":5,"stat.mineBlock.minecraft.quartz_stairs":1,"stat.walkOneCm":969499,"stat.mineBlock.minecraft.birch_fence":5,"stat.playerKills":1,"stat.pickup.narutomod.scroll_hiding_in_mist":1,"stat.pickup.minecraft.crafting_table":1,"stat.useItem.minecraft.log":8,"stat.craftItem.minecraft.crafting_table":1,"stat.drop.minecraft.birch_stairs":3,"stat.pickup.minecraft.log":41,"stat.pickup.narutomod.shuriken":6,"stat.drop.minecraft.iron_ore":1,"stat.drop.minecraft.sapling":2,"stat.useItem.minecraft.stained_hardened_clay":1,"stat.pickup.minecraft.sapling":4,"stat.pickup.minecraft.ender_pearl":1,"stat.drop.srparasites.assimilated_flesh":1,"stat.mineBlock.overlast.red_leaves":2,"stat.killEntity.Skeleton":26,"stat.drop.minecraft.bow":1,"stat.useItem.narutomod.ice_senbon":103,"stat.craftItem.minecraft.planks":132,"stat.killEntity.Spider":3,"stat.mobKills":68,"stat.useItem.minecraft.wooden_pressure_plate":6,"stat.mineBlock.minecraft.log":11,"stat.pickup.minecraft.birch_fence":5,"stat.craftItem.minecraft.fence":3,"stat.mineBlock.minecraft.leaves":1,"stat.pickup.minecraft.red_flower":5,"stat.sneakTime":14560,"stat.drop.minecraft.yellow_flower":1,"stat.pickup.minecraft.stone_slab":4,"stat.pickup.minecraft.yellow_flower":3,"stat.mineBlock.minecraft.stone":36}