{"stat.chestOpened":4,"stat.useItem.minecraft.iron_bars":1,"stat.walkOneCm":388021,"stat.useItem.minecraft.torch":29,"stat.pickup.minecraft.stick":7,"stat.drop.minecraft.iron_bars":1,"stat.leaveGame":1,"stat.pickup.minecraft.arrow":3,"stat.pickup.minecraft.crafting_table":3,"stat.pickup.minecraft.clay_ball":5,"stat.useItem.minecraft.cobblestone":4,"stat.drop.minecraft.red_mushroom":4,"stat.craftItem.minecraft.crafting_table":1,"stat.furnaceInteraction":4,"stat.mineBlock.minecraft.coal_ore":25,"stat.mineBlock.srparasites.gore":8,"stat.pickup.minecraft.log":12,"stat.pickup.minecraft.string":1,"stat.useItem.minecraft.rotten_flesh":2,"stat.jump":1144,"stat.swimOneCm":14959,"stat.mineBlock.minecraft.ladder":2,"stat.pickup.minecraft.coal":25,"stat.fallOneCm":16972,"stat.climbOneCm":16351,"stat.pickup.minecraft.furnace":3,"stat.entityKilledBy.Skeleton":3,"stat.craftItem.minecraft.stone_slab2":0,"stat.pickup.minecraft.porkchop":6,"stat.crouchOneCm":9094,"stat.craftItem.minecraft.torch":32,"stat.pickup.minecraft.cauldron":1,"stat.craftItem.minecraft.iron_ingot":3,"stat.useItem.minecraft.stained_hardened_clay":47,"stat.pickup.minecraft.dirt":18,"stat.useItem.minecraft.dirt":11,"stat.mineBlock.minecraft.stained_hardened_clay":78,"stat.sprintOneCm":68521,"stat.pickup.minecraft.red_mushroom":4,"stat.useItem.minecraft.stone_slab2":16,"stat.pickup.minecraft.ladder":2,"stat.craftItem.minecraft.stick":20,"stat.mineBlock.minecraft.red_mushroom":5,"stat.craftItem.minecraft.wooden_axe":1,"stat.useItem.minecraft.water_bucket":2,"stat.craftingTableInteraction":10,"stat.pickup.minecraft.iron_ore":7,"stat.pickup.minecraft.rotten_flesh":2,"stat.mineBlock.overlast.red_leaves":2,"stat.pickup.minecraft.sand":1,"stat.killEntity.Skeleton":1,"stat.mineBlock.minecraft.iron_bars":5,"stat.entityKilledBy.Spider":2,"stat.craftItem.minecraft.bucket":1,"stat.craftItem.minecraft.planks":20,"stat.damageTaken":2167,"stat.mineBlock.minecraft.crafting_table":3,"stat.killEntity.Spider":4,"stat.useItem.minecraft.iron_ore":1,"stat.craftItem.minecraft.stone_pickaxe":2,"stat.mineBlock.minecraft.furnace":3,"stat.mineBlock.minecraft.torch":1,"stat.useItem.minecraft.wooden_pickaxe":31,"stat.useItem.minecraft.furnace":1,"stat.pickup.minecraft.cobblestone":34,"stat.mobKills":18,"stat.pickup.srparasites.assimilated_flesh":1,"stat.mineBlock.minecraft.log":12,"stat.flyOneCm":182724,"stat.deaths":13,"stat.pickup.minecraft.wheat_seeds":3,"stat.drop":3,"stat.mineBlock.minecraft.sand":1,"stat.playOneMinute":77356,"stat.pickup.minecraft.torch":1,"stat.useItem.minecraft.stone_pickaxe":192,"stat.sneakTime":5597,"stat.pickup.quark.tallow":5,"stat.damageDealt":3850,"stat.mineBlock.minecraft.iron_ore":7,"stat.killEntity.Zombie":6,"stat.sleepInBed":2,"stat.timeSinceDeath":6424,"stat.pickup.minecraft.iron_bars":5,"stat.useItem.minecraft.wooden_axe":33,"stat.mineBlock.minecraft.dirt":18,"stat.drop.minecraft.log":7,"stat.pickup.minecraft.stained_hardened_clay":147,"stat.craftItem.minecraft.wooden_pickaxe":1,"stat.mineBlock.minecraft.stone":26,"stat.killEntity.Pig":3,"stat.mineBlock.minecraft.tallgrass":7,"stat.diveOneCm":27673}