{"stat.chestOpened":3,"stat.useItem.minecraft.iron_bars":1,"stat.walkOneCm":247586,"stat.useItem.minecraft.torch":25,"stat.drop.minecraft.iron_bars":1,"stat.leaveGame":1,"stat.pickup.minecraft.arrow":3,"stat.pickup.minecraft.crafting_table":2,"stat.pickup.minecraft.clay_ball":5,"stat.useItem.minecraft.cobblestone":4,"stat.drop.minecraft.red_mushroom":4,"stat.craftItem.minecraft.crafting_table":1,"stat.furnaceInteraction":4,"stat.mineBlock.minecraft.coal_ore":25,"stat.pickup.minecraft.log":12,"stat.pickup.minecraft.string":1,"stat.jump":760,"stat.swimOneCm":4074,"stat.mineBlock.minecraft.ladder":2,"stat.pickup.minecraft.coal":25,"stat.fallOneCm":13666,"stat.climbOneCm":12945,"stat.pickup.minecraft.furnace":3,"stat.entityKilledBy.Skeleton":3,"stat.craftItem.minecraft.stone_slab2":0,"stat.crouchOneCm":8115,"stat.craftItem.minecraft.torch":28,"stat.pickup.minecraft.cauldron":1,"stat.craftItem.minecraft.iron_ingot":3,"stat.pickup.minecraft.dirt":15,"stat.useItem.minecraft.dirt":11,"stat.sprintOneCm":55185,"stat.pickup.minecraft.red_mushroom":4,"stat.useItem.minecraft.stone_slab2":13,"stat.pickup.minecraft.ladder":2,"stat.craftItem.minecraft.stick":20,"stat.mineBlock.minecraft.red_mushroom":5,"stat.craftItem.minecraft.wooden_axe":1,"stat.craftingTableInteraction":8,"stat.pickup.minecraft.iron_ore":7,"stat.mineBlock.overlast.red_leaves":2,"stat.pickup.minecraft.sand":1,"stat.killEntity.Skeleton":1,"stat.mineBlock.minecraft.iron_bars":5,"stat.entityKilledBy.Spider":1,"stat.craftItem.minecraft.bucket":1,"stat.craftItem.minecraft.planks":20,"stat.damageTaken":1597,"stat.mineBlock.minecraft.crafting_table":2,"stat.killEntity.Spider":2,"stat.useItem.minecraft.iron_ore":1,"stat.craftItem.minecraft.stone_pickaxe":1,"stat.mineBlock.minecraft.furnace":3,"stat.useItem.minecraft.wooden_pickaxe":31,"stat.useItem.minecraft.furnace":1,"stat.pickup.minecraft.cobblestone":34,"stat.mobKills":11,"stat.mineBlock.minecraft.log":12,"stat.flyOneCm":153751,"stat.deaths":10,"stat.pickup.minecraft.wheat_seeds":3,"stat.drop":3,"stat.mineBlock.minecraft.sand":1,"stat.playOneMinute":53056,"stat.useItem.minecraft.stone_pickaxe":99,"stat.sneakTime":5103,"stat.damageDealt":2678,"stat.mineBlock.minecraft.iron_ore":7,"stat.killEntity.Zombie":5,"stat.timeSinceDeath":762,"stat.pickup.minecraft.iron_bars":5,"stat.useItem.minecraft.wooden_axe":33,"stat.mineBlock.minecraft.dirt":15,"stat.drop.minecraft.log":7,"stat.craftItem.minecraft.wooden_pickaxe":1,"stat.mineBlock.minecraft.stone":26,"stat.mineBlock.minecraft.tallgrass":5,"stat.diveOneCm":10186}