{"stat.drop.narutomod.kunai":1,"stat.walkOneCm":129212,"stat.useItem.narutomod.ice_senbon":13,"stat.leaveGame":2,"stat.damageTaken":10665,"stat.pickup.minecraft.cobblestone_wall":1,"stat.drop.minecraft.dirt":1,"stat.mobKills":3,"stat.useItem.minecraft.porkchop":3,"stat.drop.narutomod.shuriken":1,"stat.flyOneCm":47231,"stat.mineBlock.minecraft.stained_glass_pane":2,"stat.deaths":3,"stat.mineBlock.minecraft.stained_glass":2,"stat.drop":8,"stat.pickup.minecraft.quartz_block":1,"stat.jump":312,"stat.swimOneCm":3112,"stat.pickup.narutomod.kunai":1,"stat.pickup.quark.glass_shards":2,"stat.playOneMinute":30724,"stat.fallOneCm":11673,"stat.pickup.narutomod.shuriken":1,"stat.climbOneCm":1477,"stat.entityKilledBy.Zombie":1,"stat.drop.minecraft.stone":128,"stat.killEntity.Sheep":1,"stat.drop.minecraft.stained_hardened_clay":1,"stat.sneakTime":838,"stat.pickup.minecraft.wool":1,"stat.pickup.quark.tallow":3,"stat.mineBlock.minecraft.cobblestone_wall":2,"stat.damageDealt":356,"stat.pickup.minecraft.porkchop":3,"stat.crouchOneCm":2223,"stat.timeSinceDeath":537,"stat.pickup.minecraft.stone_slab":1,"stat.pickup.minecraft.dirt":1,"stat.sprintOneCm":33106,"stat.mineBlock.minecraft.dirt":1,"stat.useItem.minecraft.stone_slab2":7,"stat.killEntity.Pig":1,"stat.mineBlock.minecraft.tallgrass":2,"stat.diveOneCm":8092}